Rk,Player,Pos,Age,Tm,G,GS,MP,FG,FGA,FG%,3P,3PA,3P%,2P,2PA,2P%,FT,FTA,FT%,ORB,DRB,TRB,AST,STL,BLK,TOV,PF,PTS
1,Steven Adams\adamsst01,C,26,OKC,59,59,1592,8.2,13.9,0.594,0,0.1,0.333,8.2,13.8,0.596,3.4,5.8,0.585,6.1,10.9,16.9,4.4,1.5,2,2.8,3.5,19.9
2,Bam Adebayo\adebaba01,PF,22,MIA,66,66,2263,9,15.8,0.568,0,0.3,0.077,8.9,15.5,0.577,5.3,7.6,0.693,3.6,11.3,15,7.3,1.7,1.8,4.1,3.6,23.2
3,LaMarcus Aldridge\aldrila01,C,34,SAS,53,53,1754,10.7,21.7,0.493,1.7,4.3,0.389,9,17.4,0.519,4.3,5.2,0.827,2.8,7.9,10.7,3.5,1,2.4,2,3.5,27.4
4,Nickeil Alexander-Walker\alexani01,SG,21,NOP,42,0,513,7.5,21.1,0.355,3.8,10.8,0.35,3.7,10.3,0.36,1.6,2.7,0.6,0.7,6.6,7.3,6.8,1.2,0.6,3.6,4.5,20.4
5,Grayson Allen\allengr01,SG,24,MEM,31,0,520,7.3,16.2,0.45,3.1,8.3,0.37,4.2,7.9,0.534,2.7,3.2,0.833,0.4,5.7,6.1,3.9,0.7,0.1,2.2,3.4,20.3
6,Jarrett Allen\allenja01,C,21,BRK,65,59,1674,7.8,12,0.649,0,0.1,0,7.8,11.8,0.657,4.2,6.7,0.62,5.6,11.7,17.3,2.5,1,2.4,2,4.2,19.7
7,Kadeem Allen\allenka01,SG,27,NYK,10,0,117,7.9,18.3,0.432,2.1,6.7,0.313,5.8,11.7,0.5,2.9,4.6,0.636,0.8,2.9,3.7,8.7,2.1,0.8,3.3,2.9,20.8
8,Al-Farouq Aminu\aminual01,PF,29,ORL,18,2,380,3.2,11,0.291,1.2,4.6,0.25,2.1,6.4,0.32,2.4,3.7,0.655,3.1,8.1,11.2,2.7,2.3,1,2.2,3.5,10
9,Justin Anderson\anderju01,SF,26,BRK,4,0,27,1.8,14.1,0.125,0,8.8,0,1.8,5.3,0.333,1.8,3.5,0.5,1.8,7,8.8,7,0,3.5,1.8,3.5,5.3
10,Kyle Anderson\anderky01,PF,26,MEM,60,21,1158,5.6,11.5,0.488,0.7,2.6,0.262,4.9,8.9,0.555,1.8,2.7,0.647,2.2,8.3,10.4,5.4,1.9,1.3,2.3,3.6,13.7
11,Ryan Anderson\anderry01,PF,31,HOU,2,0,14,6.6,23.2,0.286,3.3,16.6,0.2,3.3,6.6,0.5,0,0,,0,23.2,23.2,6.6,3.3,0,3.3,3.3,16.6
12,Giannis Antetokounmpo\antetgi01,PF,25,MIL,58,58,1795,16.2,29.5,0.55,2.1,7,0.307,14.1,22.5,0.625,9.4,14.8,0.632,3.3,17,20.3,8.6,1.5,1.5,5.4,4.5,43.9
13,Kostas Antetokounmpo\antetko01,PF,22,LAL,3,0,5,0,0,,0,0,,0,0,,0,0,,0,9.5,9.5,9.5,0,0,0,0,0
14,Thanasis Antetokounmpo\antetth01,SF,27,MIL,18,2,93,9.3,17.7,0.528,0,3.4,0,9.3,14.3,0.655,3.4,7.4,0.467,5.4,3.9,9.3,4.4,2.9,1,5.4,6.4,22.1
15,Carmelo Anthony\anthoca01,PF,35,POR,51,51,1660,8.5,19.8,0.43,2.1,5.7,0.374,6.4,14.1,0.452,3.4,4,0.849,1.8,7.4,9.2,2.3,1.2,0.7,2.6,4.2,22.5
16,OG Anunoby\anunoog01,SF,22,TOR,64,63,1930,6.8,13.2,0.513,2.1,5.4,0.39,4.7,7.9,0.597,1.6,2.2,0.7,1.9,6.7,8.5,2.5,2.2,1,1.9,3.9,17.2
17,Ryan Arcidiacono\arcidry01,PG,25,CHI,58,4,930,4.7,11.4,0.409,2.8,7.1,0.391,1.9,4.2,0.439,1.4,2,0.711,1,4.7,5.7,5,1.4,0.2,1.9,5,13.5
18,Trevor Ariza\arizatr01,SF,34,TOT,53,21,1493,4.6,10.5,0.438,2.5,6.7,0.372,2.1,3.8,0.556,2,2.4,0.838,1.1,6.8,7.9,2.9,2.2,0.5,1.8,3.6,13.7
18,Trevor Ariza\arizatr01,SF,34,SAC,32,0,791,3.9,10.2,0.388,2.6,7.5,0.352,1.3,2.6,0.488,1.3,1.7,0.778,1.3,7.7,9,3.1,2.2,0.4,1.7,3.9,11.8
18,Trevor Ariza\arizatr01,SF,34,POR,21,21,702,5.3,10.8,0.491,2.3,5.8,0.4,3,5,0.595,2.8,3.2,0.872,0.9,5.9,6.8,2.8,2.3,0.5,1.9,3.3,15.7
19,D.J. Augustin\augusdj01,PG,32,ORL,50,7,1242,6.3,15.9,0.397,2.4,7,0.345,3.9,9,0.437,5.5,6.2,0.885,0.7,3.6,4.3,8.9,1.2,0,2.8,2.1,20.5
20,Deandre Ayton\aytonde01,C,21,PHO,31,26,1031,12.2,22,0.555,0.1,0.3,0.333,12.1,21.7,0.558,2.8,3.6,0.769,5.8,11.3,17.1,2.8,1,2.4,3.3,4.5,27.3
21,Dwayne Bacon\bacondw01,SG,24,CHO,39,11,687,6.2,17.8,0.348,1.4,4.9,0.284,4.8,12.9,0.373,2.6,3.9,0.66,1.1,6.2,7.3,3.8,1.7,0.1,2.7,3.8,16.3
22,Marvin Bagley III\baglema01,PF,20,SAC,13,6,334,11.4,24.4,0.467,0.6,3.2,0.182,10.8,21.1,0.51,3.6,4.5,0.806,4.2,9.9,14.1,1.5,0.9,1.7,2.6,6.3,27
23,Lonzo Ball\balllo01,PG,22,NOP,58,49,1868,6.5,16,0.406,3.5,9.2,0.38,3,6.8,0.442,1,1.8,0.549,1.6,7.3,8.9,9.9,2,0.7,4.4,2.9,17.5
24,Mo Bamba\bambamo01,C,21,ORL,61,0,872,7.4,15.9,0.463,2.1,6,0.346,5.3,10,0.534,1.7,2.6,0.674,5.5,11.3,16.8,2.3,1.3,4.8,2.3,6.4,18.6
25,J.J. Barea\bareajo01,PG,35,DAL,26,4,391,9.1,22.1,0.413,3.6,9.4,0.382,5.6,12.7,0.437,2.1,2.2,0.944,1.2,4.7,5.9,12.2,0.5,0.2,4.3,3.1,24
26,Harrison Barnes\barneha02,PF,27,SAC,65,65,2267,7.1,15.4,0.461,2,5.3,0.384,5.1,10.1,0.501,4.2,5.3,0.801,1.3,5.4,6.7,3.3,0.9,0.2,1.8,1.8,20.4
27,RJ Barrett\barrerj01,SG,19,NYK,56,55,1704,8.3,20.8,0.402,1.8,5.6,0.32,6.5,15.1,0.432,4.5,7.3,0.614,1.4,6.5,8,4.1,1.6,0.5,3.5,3.5,22.9
28,Will Barton\bartowi01,SF,29,DEN,58,58,1916,8.6,19,0.45,2.8,7.4,0.375,5.8,11.6,0.498,2.6,3.4,0.767,2,7.4,9.4,5.5,1.6,0.7,2.3,3.1,22.5
29,Keita Bates-Diop\bateske01,SF,24,TOT,40,0,667,6.2,14.5,0.428,2.2,6.6,0.33,4,7.9,0.509,3.4,4.8,0.71,1.5,6.3,7.8,2.1,1.3,1.5,1,2.6,18
29,Keita Bates-Diop\bateske01,SF,24,MIN,37,0,646,6.3,14.8,0.422,2.2,6.8,0.33,4,8,0.5,3.3,4.7,0.708,1.5,6.4,7.9,2.2,1.2,1.4,1,2.6,18
29,Keita Bates-Diop\bateske01,SF,24,DEN,3,0,21,4.7,4.7,1,0,0,,4.7,4.7,1,7.1,9.4,0.75,0,4.7,4.7,0,2.4,2.4,0,4.7,16.5
30,Nicolas Batum\batumni01,SF,31,CHO,22,3,505,2.8,8,0.346,1.4,4.9,0.286,1.4,3.2,0.438,0.9,1,0.9,2.5,7.4,9.9,6.5,1.7,0.8,2.2,4.1,7.8
31,Aron Baynes\baynear01,C,33,PHO,42,28,934,9.3,19.3,0.48,3,8.5,0.351,6.3,10.8,0.582,2.8,3.8,0.747,3.6,8.4,12,3.4,0.5,1.2,2.5,7.1,24.4
32,Kent Bazemore\bazemke01,SF-SG,30,TOT,65,21,1627,5.5,14.8,0.374,2.3,6.8,0.342,3.2,8,0.401,3.2,4.2,0.769,0.8,7.7,8.5,2.7,2.1,1.2,2.6,5.5,16.7
32,Kent Bazemore\bazemke01,SF,30,POR,43,21,1111,4.8,14,0.347,2.4,7.3,0.327,2.4,6.6,0.368,2.5,3.1,0.806,0.6,6.8,7.4,2.6,1.9,1.3,2.6,5.2,14.6
32,Kent Bazemore\bazemke01,SG,30,SAC,22,0,516,7.1,16.7,0.424,2.2,5.7,0.383,4.9,11,0.444,4.9,6.7,0.732,1.2,9.7,10.9,2.7,2.5,0.8,2.5,6,21.2
33,Darius Bazley\bazleda01,PF,19,OKC,54,8,938,4.8,12.3,0.39,1.7,5.3,0.311,3.1,6.9,0.451,1.7,2.4,0.681,1.1,9.4,10.5,1.5,1,1.9,2.1,2.4,12.9
34,Bradley Beal\bealbr01,SG,26,WAS,57,57,2053,13.5,29.6,0.455,3.9,10.9,0.353,9.6,18.7,0.515,8.7,10.4,0.842,1.2,4.3,5.5,7.9,1.6,0.5,4.4,2.9,39.6
35,Malik Beasley\beaslma01,SG,23,TOT,55,14,1209,9,21.3,0.425,4.3,11,0.388,4.8,10.3,0.465,2.2,2.6,0.818,0.7,5.2,5.9,3,1.6,0.3,2.3,3.1,24.5
35,Malik Beasley\beaslma01,SG,23,DEN,41,0,746,7.7,19.9,0.389,3.8,10.7,0.36,3.9,9.3,0.421,2.2,2.5,0.868,0.6,4.5,5.1,3.2,2.1,0.4,2.4,3.3,21.5
35,Malik Beasley\beaslma01,SG,23,MIN,14,14,463,11,23.4,0.472,4.9,11.5,0.426,6.1,11.8,0.517,2.1,2.8,0.75,0.9,6.2,7.1,2.7,0.9,0.2,2.1,2.7,29.1
36,Marco Belinelli\belinma01,SG,33,SAS,53,0,794,6.5,16.6,0.389,3.4,9.5,0.363,3,7.1,0.424,2.4,2.9,0.813,0.2,5.3,5.5,3.9,0.7,0.1,1,2.5,18.7
37,Jordan Bell\belljo01,C-PF,25,TOT,29,0,256,6.4,12.2,0.522,0.7,2.2,0.333,5.6,10,0.564,3.4,5.6,0.613,5.4,9.3,14.7,2.9,0.5,1.8,3.8,3.4,16.9
37,Jordan Bell\belljo01,C,25,MIN,27,0,235,6.3,11.9,0.533,0.4,1.8,0.222,5.9,10.1,0.588,3.4,5.7,0.586,5.5,9.9,15.4,2.8,0.4,2,3.6,3.4,16.4
37,Jordan Bell\belljo01,PF,25,MEM,2,0,21,6.7,15.6,0.429,4.4,6.7,0.667,2.2,8.9,0.25,4.4,4.4,1,4.4,2.2,6.7,4.4,2.2,0,6.7,4.4,22.2
38,DeAndre' Bembry\bembrde01,SG,25,ATL,43,4,915,5.3,11.6,0.456,0.8,3.3,0.231,4.5,8.3,0.546,1.3,2.4,0.542,1.7,6,7.7,4.1,2.8,1,3.1,4.3,12.7
39,Dragan Bender\bendedr01,SF,22,TOT,16,3,286,6.8,15.2,0.446,2.5,7.1,0.349,4.3,8.1,0.531,1.6,2.3,0.714,2.6,9.4,12,4.6,0.7,1.5,3.5,6.9,17.6
39,Dragan Bender\bendedr01,SF,22,MIL,7,0,91,5,10.5,0.476,2,4.5,0.444,3,6,0.5,1,1.5,0.667,0,10,10,4.5,0,2.5,2.5,8,13.1
39,Dragan Bender\bendedr01,SF,22,GSW,9,3,195,7.6,17.4,0.437,2.7,8.3,0.324,4.9,9.1,0.541,2,2.7,0.727,3.9,9.1,13,4.7,1,1,3.9,6.4,19.9
40,Dāvis Bertāns\bertada01,PF,27,WAS,54,4,1583,7.8,18,0.434,5.9,13.9,0.424,1.9,4.1,0.471,3.1,3.6,0.852,1,6.2,7.2,2.7,1.1,1,1.7,4.1,24.6
41,Patrick Beverley\beverpa01,PG,31,LAC,50,49,1334,5.1,11.9,0.429,2.8,7.3,0.388,2.3,4.7,0.492,1.1,1.6,0.674,2,7.3,9.3,6.5,1.9,0.9,2.3,5.5,14.2
42,Khem Birch\birchkh01,C,27,ORL,41,24,794,3.6,7.4,0.488,0,0.1,0,3.6,7.4,0.492,2.9,4.5,0.644,4.4,6.9,11.3,2.5,1,1.4,1.5,4.7,10.1
43,Goga Bitadze\bitadgo01,C,20,IND,49,2,410,7.2,15.3,0.473,0.7,4.3,0.167,6.5,11,0.591,2.9,3.9,0.727,2.6,8.8,11.4,2.5,0.7,3.8,3,6.8,18.1
44,Bismack Biyombo\biyombi01,C,27,CHO,53,29,1029,7.4,13.5,0.543,0,0,,7.4,13.5,0.543,4.4,7.4,0.603,5.8,9.2,15,2.4,0.5,2.4,2.3,5.6,19.1
45,Nemanja Bjelica\bjeline01,PF,31,SAC,65,62,1852,7.7,16.1,0.477,3.3,7.8,0.423,4.4,8.3,0.529,1.6,1.9,0.824,2.8,8.2,11,4.7,1.5,0.9,2.4,5.2,20.3
46,Eric Bledsoe\bledser01,PG,30,MIL,56,56,1524,9.6,19.9,0.482,2.1,6,0.348,7.5,13.8,0.54,4.7,5.8,0.813,1.2,6.5,7.8,9.1,1.6,0.7,4.2,3.6,25.9
47,Bogdan Bogdanović\bogdabo01,SG,27,SAC,54,21,1542,9,20.7,0.436,4.5,12.3,0.366,4.5,8.3,0.54,2.5,3.4,0.729,0.5,4.9,5.5,5.4,1.8,0.4,2.8,3.7,25
48,Bojan Bogdanović\bogdabo02,SF,30,UTA,63,63,2083,9.8,21.9,0.447,4.4,10.7,0.414,5.4,11.2,0.479,5.8,6.5,0.903,0.9,5.1,6.1,3.1,0.8,0.2,3.7,2.6,29.8
49,Bol Bol\bolbo01,C,20,DEN,1,0,12,8.2,16.5,0.5,0,4.1,0,8.2,12.3,0.667,4.1,4.1,1,8.2,8.2,16.5,4.1,0,0,8.2,0,20.6
50,Jonah Bolden\boldejo01,PF,24,TOT,7,0,47,4.1,11.2,0.364,0,4.1,0,4.1,7.1,0.571,2,4.1,0.5,3,6.1,9.1,0,3,2,2,10.1,10.1
50,Jonah Bolden\boldejo01,PF,24,PHI,4,0,14,6.9,10.4,0.667,0,3.5,0,6.9,6.9,1,0,6.9,0,0,3.5,3.5,0,3.5,0,6.9,13.9,13.9
50,Jonah Bolden\boldejo01,PF,24,PHO,3,0,33,2.9,11.5,0.25,0,4.3,0,2.9,7.2,0.4,2.9,2.9,1,4.3,7.2,11.5,0,2.9,2.9,0,8.6,8.6
51,Marques Bolden\boldema01,C,21,CLE,1,0,3,0,0,,0,0,,0,0,,0,0,,0,32.4,32.4,0,16.2,0,0,16.2,0
52,Jordan Bone\bonejo01,PG,22,DET,10,0,53,4.6,18.6,0.25,1.9,9.3,0.2,2.8,9.3,0.3,0,0,,0,3.7,3.7,7.4,0.9,0,1.9,5.6,11.1
53,Isaac Bonga\bongais01,SF,20,WAS,59,42,1048,4.4,8.5,0.516,1,2.5,0.393,3.4,6,0.567,2.5,3.1,0.826,2.8,5.6,8.3,2.8,1.7,0.9,1.9,6.2,12.2
54,Devin Booker\bookede01,SG,23,PHO,63,63,2277,11.5,23.7,0.485,2.7,7.4,0.359,8.8,16.2,0.542,8.6,9.4,0.918,0.6,4.9,5.5,8.6,1,0.3,5.2,4,34.2
55,Chris Boucher\bouchch01,PF,27,TOR,56,0,725,7.8,17.2,0.456,1.8,6.6,0.28,6,10.6,0.565,5.4,6.8,0.796,6.2,9.7,15.9,1.5,1.3,3.5,1.5,6.8,22.9
56,Brian Bowen\bowenbr02,SG,21,IND,5,1,29,3.4,15.1,0.222,0,3.4,0,3.4,11.8,0.286,0,0,,1.7,10.1,11.8,0,0,1.7,1.7,3.4,6.7
57,Ky Bowman\bowmaky01,PG,22,GSW,45,12,1015,6.3,15.1,0.417,1.6,5,0.308,4.8,10.1,0.472,1.6,1.9,0.829,1.1,4.6,5.7,6.2,2.1,0.5,3.3,4.8,15.8
58,Avery Bradley\bradlav01,SG,29,LAL,49,44,1186,6.8,15.4,0.444,2.5,6.9,0.364,4.3,8.4,0.51,0.8,1,0.833,0.7,3.9,4.6,2.5,1.7,0.2,1.9,4.4,17
59,Tony Bradley\bradlto01,C,22,UTA,52,2,562,9.4,14.3,0.655,0.1,0.1,1,9.3,14.2,0.652,2.3,3.5,0.65,8.4,11.3,19.7,1.5,1.1,2.3,2.3,9.2,21.1
60,Jarrell Brantley\brantja01,PF,23,UTA,5,0,13,0,0,,0,0,,0,0,,0,0,,0,18.7,18.7,3.7,0,7.5,7.5,7.5,0
61,Ignas Brazdeikis\brazdig01,SF,21,NYK,9,0,53,5.5,20.2,0.273,0.9,8.3,0.111,4.6,11.9,0.385,3.7,4.6,0.8,1.8,2.8,4.6,3.7,0,0.9,1.8,2.8,15.6
62,Mikal Bridges\bridgmi01,SF,23,PHO,66,25,1806,5.6,10.9,0.516,1.5,4.3,0.348,4.1,6.6,0.625,2.4,2.9,0.838,1.5,5.3,6.9,3.1,2.5,1,1.7,3.8,15.1
63,Miles Bridges\bridgmi02,SF,21,CHO,65,64,1995,8,18.9,0.424,2.5,7.5,0.33,5.5,11.4,0.486,2.7,3.3,0.809,2.2,6.9,9.1,2.9,1,1.2,2.4,3.3,21.2
64,Oshae Brissett\brissos01,SF,21,TOR,19,0,135,4.6,12.7,0.361,1.1,5.3,0.2,3.5,7.4,0.476,2.8,3.5,0.8,3.2,6,9.2,2.5,1.4,0.4,2.5,6.4,13.1
65,Ryan Broekhoff\broekry01,SG,29,DAL,17,1,180,5.9,15.8,0.373,5.4,13.7,0.392,0.5,2.1,0.25,1.9,2.1,0.875,1.3,10.2,11.5,3,1.3,1.1,1.6,4,19.1
66,Malcolm Brogdon\brogdma01,PG,27,IND,48,48,1472,9.6,21.8,0.439,2,6.5,0.313,7.5,15.3,0.491,4.8,5.4,0.895,1.3,6.2,7.5,11.3,1.1,0.3,3.8,2.9,25.9
67,Dillon Brooks\brookdi01,SG,24,MEM,66,66,1887,9.4,23.3,0.402,3.3,9.1,0.365,6,14.2,0.425,3.6,4.5,0.806,1.6,3.8,5.4,3.3,1.4,0.6,2.7,6.2,25.6
68,Bruce Brown\brownbr01,SG,23,DET,58,43,1634,6,13.5,0.443,1,2.9,0.344,5,10.6,0.47,2.6,3.6,0.739,1.8,6.4,8.2,6.9,1.9,0.9,3,4.9,15.6
69,Charlie Brown\brownch02,SG,22,ATL,10,0,40,7,22.1,0.316,3.5,10.5,0.333,3.5,11.6,0.3,5.8,5.8,1,2.3,2.3,4.7,2.3,2.3,2.3,3.5,3.5,23.3
70,Jaylen Brown\brownja02,SF,23,BOS,51,51,1736,10.7,21.9,0.488,3.1,8.1,0.378,7.6,13.8,0.552,4.6,6.3,0.738,1.5,7.4,9,3.1,1.6,0.4,3.3,4.3,29.1
71,Moses Brown\brownmo01,C,20,POR,9,0,33,5.8,14.4,0.4,0,0,,5.8,14.4,0.4,4.3,11.6,0.375,4.3,15.9,20.2,1.4,1.4,1.4,4.3,10.1,15.9
72,Sterling Brown\brownst02,SF,24,MIL,46,1,688,5.4,14.7,0.365,2.4,7.8,0.308,3,7,0.429,1.9,2.4,0.778,1.9,9.4,11.4,3.1,1.7,0.5,2.5,3.1,15
73,Troy Brown Jr.\browntr01,SG,20,WAS,62,15,1546,7.1,15.6,0.455,1.5,4.4,0.34,5.6,11.2,0.5,2.7,3.5,0.761,2,7.9,9.8,4.3,2.3,0.2,2,3.4,18.4
74,Jalen Brunson\brunsja01,PG,23,DAL,57,16,1022,8.6,18.4,0.466,2,5.7,0.358,6.5,12.7,0.515,2.9,3.5,0.813,1,5.3,6.3,8.9,1,0.2,3.1,3.5,22
75,Thomas Bryant\bryanth01,C,22,WAS,39,29,934,9.4,15.9,0.589,1.1,2.9,0.397,8.2,13,0.632,3.5,4.8,0.732,3.8,9.5,13.3,3.7,0.8,1.6,2.4,4.3,23.5
76,Reggie Bullock\bullore01,SG,28,NYK,29,19,684,6.4,15.9,0.402,2.6,7.9,0.333,3.8,8,0.469,1.2,1.5,0.81,0.9,3.9,4.8,3,1.8,0.2,1.4,4,16.7
77,Trey Burke\burketr01,PG,27,TOT,26,0,359,9.5,19.3,0.49,3.2,6.5,0.5,6.2,12.8,0.484,1.9,2.7,0.7,2,2.8,4.9,8,1.1,0.1,1.6,3.1,24.1
77,Trey Burke\burketr01,PG,27,PHI,25,0,329,8.7,18.7,0.465,2.4,5.6,0.421,6.3,13.1,0.483,1.9,2.7,0.722,2.2,3,5.2,7.8,1,0.1,1.8,3.1,21.7
77,Trey Burke\burketr01,G,27,DAL,1,0,30,17.7,25.8,0.688,12.9,16.1,0.8,4.8,9.7,0.5,1.6,3.2,0.5,0,1.6,1.6,9.7,1.6,0,0,3.2,50
78,Alec Burks\burksal01,SG,28,TOT,60,18,1624,8.4,20.8,0.406,3,8.1,0.373,5.4,12.7,0.427,6.6,7.4,0.896,1.3,6.5,7.8,5.1,1.7,0.5,2.6,3.6,26.6
78,Alec Burks\burksal01,SG,28,GSW,48,18,1390,8.4,20.7,0.406,2.9,7.7,0.375,5.5,13,0.424,6.9,7.7,0.897,1.3,6.5,7.8,5.2,1.7,0.6,2.6,3.7,26.6
78,Alec Burks\burksal01,SG,28,PHI,12,0,234,8.7,21.6,0.404,3.9,10.8,0.365,4.8,10.8,0.442,5,5.6,0.889,1.2,6.6,7.9,4.4,1.7,0,2.7,3.3,26.4
79,Deonte Burton\burtode02,SG,26,OKC,34,0,284,6.7,18,0.371,1.7,7.9,0.217,5,10.1,0.492,1,2.1,0.5,1,7.2,8.2,1.9,0.9,1.7,2.4,4.8,16.1
80,Jimmy Butler\butleji01,SF,30,MIA,55,55,1881,8.7,19.1,0.456,0.8,3,0.248,7.9,16,0.495,10.9,13,0.834,2.6,6.8,9.4,8.8,2.5,0.8,3.1,2,29
81,Bruno Caboclo\cabocbr01,SF,24,TOT,27,0,220,6.8,16.3,0.416,0.8,5.9,0.143,5.9,10.4,0.571,0.8,1.1,0.8,4.7,6.6,11.2,2.5,2.5,3.4,1.9,5.3,15.3
81,Bruno Caboclo\cabocbr01,SF,24,MEM,22,0,192,6.8,16.8,0.406,1,6.1,0.16,5.8,10.7,0.545,0.5,0.7,0.667,4.1,6.6,10.7,2.4,2.4,2.9,1.7,5.6,15.1
81,Bruno Caboclo\cabocbr01,SF,24,HOU,5,0,28,6.6,13.3,0.5,0,5,0,6.6,8.3,0.8,3.3,3.3,1,8.3,6.6,14.9,3.3,3.3,6.6,3.3,3.3,16.6
82,Kentavious Caldwell-Pope\caldwke01,SG,26,LAL,65,22,1663,6.4,13.8,0.466,2.5,6.5,0.386,3.9,7.2,0.538,2.2,2.8,0.768,1.1,2.8,3.8,3.1,1.5,0.4,1.7,3.5,17.5
83,Vlatko Čančar\cancavl01,SF,22,DEN,14,0,45,6.6,16.5,0.4,1.1,6.6,0.167,5.5,9.9,0.556,4.4,4.4,1,5.5,5.5,11,3.3,1.1,1.1,3.3,7.7,18.7
84,Clint Capela\capelca01,C,25,HOU,39,39,1279,8.9,14.1,0.629,0,0,,8.9,14.1,0.629,2,3.8,0.529,6.1,13.4,19.5,1.7,1.2,2.6,2.3,3.7,19.7
85,DeMarre Carroll\carrode01,SF,33,TOT,21,0,231,4.3,11.1,0.389,1.4,5.5,0.259,2.9,5.5,0.519,4.9,7.4,0.667,2.3,7.4,9.6,3.7,0.8,0.8,3.3,5.7,14.9
85,DeMarre Carroll\carrode01,SF,33,SAS,15,0,135,3.2,10.3,0.31,1.1,4.6,0.231,2.1,5.7,0.375,4.3,7.1,0.6,2.5,8.5,11,3.9,0.7,0.7,3.6,7.1,11.7
85,DeMarre Carroll\carrode01,SF,33,HOU,6,0,96,5.8,12.1,0.48,1.9,6.8,0.286,3.9,5.3,0.727,5.8,7.7,0.75,1.9,5.8,7.7,3.4,1,1,2.9,3.9,19.3
86,Jevon Carter\carteje01,PG,24,PHO,51,2,779,5.1,12.8,0.4,2.9,7.3,0.388,2.2,5.4,0.416,1.4,1.6,0.852,1.5,4.6,6.1,4,2.4,0.8,1.9,4.7,14.5
87,Vince Carter\cartevi01,SF,43,ATL,60,0,876,5.7,16.2,0.352,3.2,10.7,0.302,2.4,5.4,0.451,1.2,1.5,0.793,1,5.6,6.6,2.6,1.2,1.3,1.8,4.8,15.9
88,Wendell Carter Jr.\cartewe01,C,20,CHI,43,43,1256,7,13.2,0.534,0.2,1.1,0.207,6.8,12,0.564,4.3,5.8,0.737,5.3,10.2,15.5,2,1.3,1.4,2.8,6.2,18.6
89,Michael Carter-Williams\cartemi01,SG,28,ORL,43,0,795,6.6,15.4,0.426,1.3,4.4,0.296,5.3,11,0.478,4.5,5.4,0.83,2.8,5.9,8.6,6.4,2.8,1.2,3,5.2,18.9
90,Alex Caruso\carusal01,PG,25,LAL,60,1,1084,5,12,0.421,1.7,4.9,0.348,3.3,7.1,0.472,2.9,3.8,0.756,0.7,4.4,5.1,4.7,2.8,0.8,2.2,3.8,14.7
91,Willie Cauley-Stein\caulewi01,C,26,TOT,54,39,1097,7.6,13.2,0.579,0,0,0,7.6,13.1,0.581,1.7,2.9,0.606,3.7,10.1,13.8,3.1,2.1,2.7,1.7,5.3,17
91,Willie Cauley-Stein\caulewi01,C,26,GSW,41,37,940,7.3,13.1,0.56,0,0,,7.3,13.1,0.56,1.8,2.9,0.614,3.6,9.4,13,3.1,2.3,2.5,1.8,5.2,16.4
91,Willie Cauley-Stein\caulewi01,C,26,DAL,13,2,157,9.5,13.9,0.689,0,0.3,0,9.5,13.5,0.705,1.5,2.8,0.556,4,14.5,18.5,3.1,1.2,3.4,1.5,5.9,20.6
92,Tyson Chandler\chandty01,C,37,HOU,26,5,219,3,3.8,0.778,0,0,,3,3.8,0.778,1.3,2.8,0.462,5.3,8.7,14,1.3,1.3,1.7,1.7,6.8,7.2
93,Wilson Chandler\chandwi01,SF,32,BRK,35,3,734,4.8,11.8,0.404,2.4,7.8,0.306,2.4,4,0.597,1.3,1.5,0.87,0.7,8.7,9.4,2.5,1,0.8,2.2,5.1,13.2
94,Joe Chealey\chealjo01,PG,24,CHO,4,0,33,0,10.6,0,0,6.1,0,0,4.6,0,3,3,1,0,0,0,1.5,6.1,0,3,3,3
95,Zylan Cheatham\cheatzy01,SF,24,NOP,3,0,31,3,7.5,0.4,0,1.5,0,3,6,0.5,0,0,,1.5,7.5,8.9,3,0,1.5,4.5,7.5,6
96,Chris Chiozza\chiozch01,PG,24,TOT,22,1,266,5.8,15,0.388,3.2,8.1,0.391,2.7,6.9,0.385,0.4,0.4,1,1.2,5.1,6.4,9,2.7,0.4,3,4.4,15.2
96,Chris Chiozza\chiozch01,PG,24,WAS,10,0,123,3.8,12.9,0.294,2.7,6.1,0.438,1.1,6.8,0.167,0,0,,0,5.7,5.7,10.6,3.8,0.8,3.4,4.6,10.2
96,Chris Chiozza\chiozch01,PG,24,BRK,12,1,143,7.6,16.9,0.451,3.6,10,0.367,4,7,0.571,0.7,0.7,1,2.3,4.6,7,7.6,1.7,0,2.7,4.3,19.6
97,Marquese Chriss\chrisma01,PF,22,GSW,59,21,1196,8.4,15.4,0.545,0.3,1.6,0.205,8.1,13.8,0.584,4.8,6.2,0.769,4.6,10,14.6,4.6,1.6,2.5,3.1,4.9,21.9
98,Gary Clark\clarkga01,PF,25,TOT,36,1,431,4.3,11.4,0.379,3.2,9.7,0.33,1.1,1.7,0.667,0.9,1,0.889,3,6.4,9.4,1.7,0.6,1.5,0.7,3.4,12.7
98,Gary Clark\clarkga01,PF,25,HOU,18,0,212,5,12.9,0.39,3.9,11.2,0.353,1.1,1.8,0.625,1.3,1.5,0.857,2.4,6.3,8.8,2.6,0.4,1.5,0.4,4.6,15.3
98,Gary Clark\clarkga01,PF,25,ORL,18,1,219,3.6,9.8,0.364,2.4,8.2,0.297,1.1,1.6,0.714,0.4,0.4,1,3.6,6.5,10,0.7,0.7,1.6,0.9,2.2,10
99,Brandon Clarke\clarkbr01,PF,23,MEM,51,3,1120,10.9,17.3,0.627,0.9,2.2,0.404,10,15.2,0.659,3.3,4.2,0.792,3.3,9.1,12.5,3.1,1.1,1.8,1.9,3.5,26
100,Jordan Clarkson\clarkjo01,SG,27,TOT,65,0,1584,11.1,24.2,0.46,4.1,11.3,0.363,7,12.9,0.544,4,4.7,0.838,1.5,3.9,5.4,3.9,1.4,0.5,2.6,2.9,30.3
100,Jordan Clarkson\clarkjo01,SG,27,CLE,29,0,666,10.5,23.8,0.442,4.3,11.6,0.371,6.2,12.2,0.509,5.6,6.3,0.884,1.5,3.5,5,5.1,1.2,0.6,2.8,2.4,30.9
100,Jordan Clarkson\clarkjo01,SG,27,UTA,36,0,918,11.6,24.5,0.473,3.9,11,0.357,7.6,13.5,0.567,2.8,3.6,0.779,1.4,4.2,5.6,3.1,1.5,0.4,2.4,3.3,29.9
101,Nicolas Claxton\claxtni01,PF,20,BRK,15,0,187,6.8,12.2,0.563,0.3,1.8,0.143,6.6,10.4,0.634,2.8,5.3,0.524,4.8,6.3,11.2,4.1,0.3,2,2.3,3.6,16.7
102,Chris Clemons\clemoch01,SG,22,HOU,29,0,251,9.4,23.3,0.405,6.1,17.4,0.351,3.3,5.9,0.563,1.1,1.3,0.857,0.6,3.7,4.3,4.1,1.1,0.9,3.1,3.7,26.1
103,Antonius Cleveland\clevean01,SG,25,DAL,7,0,22,4.4,13.2,0.333,0,2.2,0,4.4,11,0.4,2.2,4.4,0.5,0,6.6,6.6,0,2.2,2.2,2.2,4.4,11
104,Amir Coffey\coffeam01,SG,22,LAC,15,0,107,6.6,15.9,0.417,1.3,4.4,0.3,5.3,11.5,0.462,0.4,1.3,0.333,1.8,4.4,6.2,4.4,0.4,0.4,2.6,6.2,15
105,John Collins\collijo01,PF,22,ATL,41,41,1363,12.1,20.7,0.583,2,5,0.401,10.1,15.7,0.642,4.1,5.1,0.8,4,10.3,14.2,2.1,1.1,2.3,2.6,4.7,30.3
106,Zach Collins\colliza01,PF,22,POR,4,4,123,4.6,10.8,0.429,1.5,3.9,0.4,3.1,7,0.444,2.3,2.3,1,2.7,5.4,8.1,3.5,0.4,0.8,2.3,6.6,13.2
107,Mike Conley\conlemi01,PG,32,UTA,43,37,1235,8.2,20.2,0.405,3.3,8.8,0.372,4.9,11.4,0.431,4,5,0.81,1.1,4.3,5.4,7.3,1.3,0.2,3.2,3.7,23.6
108,Pat Connaughton\connapa01,SG,27,MIL,61,1,1119,4.9,10.7,0.456,1.8,5.6,0.321,3.1,5.1,0.605,1.1,1.5,0.75,2.3,8.3,10.6,3.9,0.8,1.2,1.9,2.5,12.6
109,Quinn Cook\cookqu01,PG,26,LAL,39,0,410,8.8,20.1,0.439,2.9,7.7,0.379,5.9,12.4,0.477,0.7,1,0.667,0.8,3.9,4.8,4.8,1.3,0.1,2.9,2.7,21.2
110,Tyler Cook\cookty01,PF,22,CLE,11,0,35,9.7,13.9,0.7,0,0,,9.7,13.9,0.7,7,8.3,0.833,5.6,8.3,13.9,1.4,1.4,0,1.4,5.6,26.4
111,Robert Covington\covinro01,PF,29,TOT,63,61,1909,6.9,16.1,0.429,3.6,10.5,0.344,3.3,5.6,0.59,2.2,2.7,0.804,1.4,8.6,9.9,1.9,2.4,2,2.3,4.8,19.6
111,Robert Covington\covinro01,PF,29,MIN,48,47,1411,7.1,16.3,0.435,3.6,10.3,0.346,3.6,6.1,0.587,2.5,3.1,0.798,1.2,8.3,9.4,1.8,2.6,1.5,2.4,4.9,20.2
111,Robert Covington\covinro01,PF,29,HOU,15,14,498,6.3,15.5,0.41,3.8,11.3,0.339,2.5,4.2,0.6,1.4,1.7,0.833,1.9,9.4,11.3,2,1.6,3.6,2,4.8,17.9
112,Allen Crabbe\crabbal01,SG,27,TOT,37,1,653,4.5,12.6,0.356,2.6,8.5,0.303,1.9,4.1,0.466,0.7,1,0.714,0.8,4.7,5.5,2.4,1.1,0.3,1.2,3.4,12.3
112,Allen Crabbe\crabbal01,SG,27,ATL,28,1,522,4.6,12.8,0.364,2.7,8.3,0.323,2,4.5,0.44,0.8,1.1,0.75,0.9,4.9,5.8,2.5,1.3,0.4,1.1,3.2,12.8
112,Allen Crabbe\crabbal01,SG,27,MIN,9,0,131,3.9,12,0.324,2.1,9.2,0.231,1.8,2.8,0.625,0.4,0.7,0.5,0.4,3.9,4.3,1.8,0,0,1.8,3.9,10.3
113,Torrey Craig\craigto01,SF,29,DEN,51,20,897,5.5,11.8,0.465,2.1,6.3,0.333,3.4,5.6,0.614,1.1,1.7,0.645,2.8,6.1,8.9,2.1,1,1.8,1.2,6.3,14.2
114,Jae Crowder\crowdja01,SF,29,TOT,59,47,1724,5.5,14.2,0.387,3.2,9.8,0.323,2.3,4.3,0.532,2.6,3.3,0.785,1.3,8.5,9.9,4.2,1.9,0.6,1.7,3.5,16.7
114,Jae Crowder\crowdja01,SF,29,MEM,45,45,1322,5.2,14.1,0.368,2.8,9.4,0.293,2.4,4.7,0.519,2.6,3.4,0.789,1.4,8.4,9.8,4.4,1.7,0.5,1.9,3,15.8
114,Jae Crowder\crowdja01,SF,29,MIA,14,2,402,6.4,14.4,0.449,4.6,11.3,0.409,1.8,3,0.6,2.4,3.2,0.769,1,9.1,10.1,3.3,2.6,0.9,1.1,5.1,20
115,Jarrett Culver\culveja01,SG,20,MIN,63,35,1506,7.1,17.5,0.404,2,6.8,0.299,5.1,10.7,0.471,1.7,3.6,0.462,2.2,4.4,6.5,3.4,1.8,1.2,2.5,3.9,17.9
116,Seth Curry\curryse01,SG,29,DAL,60,21,1471,8.7,17.6,0.496,4.5,10,0.449,4.3,7.7,0.558,2.5,3.1,0.819,0.9,3.7,4.6,3.9,1.2,0.3,2,3.5,24.5
117,Stephen Curry\curryst01,PG,31,GSW,5,5,139,11.4,28.2,0.402,4.1,16.9,0.245,7.2,11.4,0.636,9,9,1,1.4,7.6,9,11.4,1.7,0.7,5.5,3.8,35.8
118,Troy Daniels\danietr01,SG,28,TOT,43,0,476,6.4,16.4,0.39,4.1,11.6,0.353,2.3,4.8,0.479,1,1.6,0.625,1.2,3.6,4.8,1.5,0.9,0.3,0.9,3.3,17.9
118,Troy Daniels\danietr01,SG,28,LAL,41,0,456,6.5,16.5,0.392,4.2,11.7,0.357,2.3,4.8,0.478,1,1.7,0.625,1.3,3.5,4.8,1.5,0.8,0.3,0.9,3.1,18.2
118,Troy Daniels\danietr01,SG,28,DEN,2,0,20,4.9,14.8,0.333,2.5,9.9,0.25,2.5,4.9,0.5,0,0,,0,4.9,4.9,2.5,2.5,0,0,7.4,12.3
119,Anthony Davis\davisan02,PF,26,LAL,57,57,1960,12.6,24.8,0.508,1.7,4.9,0.337,10.9,19.9,0.55,10,11.7,0.851,3.1,9.8,12.9,4.3,2,3.3,3.4,3.5,36.8
120,Ed Davis\davised01,C,30,UTA,25,0,268,2.5,6.2,0.412,0,0,,2.5,6.2,0.412,0.9,2,0.455,5.3,12,17.3,1.5,1.8,1.6,2.4,10,6
121,Terence Davis\daviste02,SG,22,TOR,65,2,1100,7.9,17,0.463,3.9,9.7,0.399,4,7.4,0.547,2,2.3,0.865,2,7.5,9.5,4.6,1.4,0.5,2.8,4.5,21.6
122,Dewayne Dedmon\dedmode01,C,30,TOT,44,18,774,6.3,15.8,0.4,1.4,6.6,0.206,5,9.2,0.541,1.9,2.2,0.833,3.7,11.7,15.5,1.4,1.6,2.5,3.5,8.3,15.9
122,Dewayne Dedmon\dedmode01,C,30,SAC,34,10,541,6.2,15.4,0.404,1.3,6.4,0.197,5,9,0.55,2.1,2.5,0.821,4.1,10.9,15,1.4,1.4,2.3,4.2,8.4,15.8
122,Dewayne Dedmon\dedmode01,C,30,ATL,10,8,233,6.6,16.8,0.393,1.6,7.2,0.222,5,9.6,0.521,1.4,1.6,0.875,2.8,13.6,16.4,1.4,2,3,2,8,16.2
123,Matthew Dellavedova\dellama01,PG,29,CLE,57,4,821,3.7,10.4,0.354,1.2,5.4,0.231,2.4,5,0.488,1.9,2.2,0.865,1.1,3.4,4.4,10.7,1.2,0.1,3.5,4.6,10.5
124,DeMar DeRozan\derozde01,SF,30,SAS,62,62,2129,11.6,21.8,0.529,0.2,0.7,0.267,11.4,21.2,0.538,7.8,9.2,0.841,0.9,7,7.9,7.9,1.4,0.3,3.4,3.8,31.1
125,Cheick Diallo\diallch01,C,23,PHO,44,2,467,9,13.9,0.65,0.1,0.2,0.5,8.9,13.7,0.652,3.2,3.7,0.865,2.8,10,12.9,2.2,1,1.2,3,5.5,21.4
126,Hamidou Diallo\diallha01,SF,21,OKC,39,3,719,6.9,15.2,0.453,0.6,2.5,0.243,6.3,12.7,0.495,2,3.1,0.63,2.1,6.4,8.5,1.6,2,0.5,2.6,5.8,16.4
127,Gorgui Dieng\dienggo01,C,30,TOT,58,17,1012,7.3,15.8,0.461,2.3,6.5,0.359,4.9,9.2,0.532,2.8,3.8,0.735,4,11.4,15.4,3.3,2.2,2.6,2.5,5.1,19.7
127,Gorgui Dieng\dienggo01,C,30,MIN,46,17,778,7.4,16.5,0.448,2.7,7.2,0.383,4.7,9.4,0.497,2.8,3.5,0.797,4.4,10.9,15.3,3.5,2.2,2.5,2.6,5.3,20.3
127,Gorgui Dieng\dienggo01,C,30,MEM,12,0,234,6.8,13.2,0.515,1,4.4,0.227,5.8,8.8,0.659,2.8,4.8,0.583,2.8,13.2,16,2.6,2.2,2.8,2.2,4.6,17.4
128,Spencer Dinwiddie\dinwisp01,SG,26,BRK,64,49,1994,10.1,24.3,0.415,2.9,9.5,0.308,7.2,14.8,0.485,8.3,10.6,0.778,0.8,4.5,5.3,10.3,1,0.5,4.1,4.3,31.4
129,Donte DiVincenzo\divindo01,SG,23,MIL,60,23,1388,7,15.1,0.463,2.6,7.4,0.345,4.4,7.7,0.577,2,2.6,0.769,2,7.7,9.7,4.6,2.6,0.6,2.4,3.3,18.6
130,Luka Dončić\doncilu01,PG,20,DAL,55,55,1841,13.7,29.9,0.46,4.1,13.1,0.314,9.6,16.8,0.574,9.8,13.1,0.748,1.9,11.7,13.5,12.6,1.6,0.3,6.2,3.7,41.4
131,Luguentz Dort\dortlu01,SG,20,OKC,30,22,668,4.9,12,0.406,1.7,5.7,0.295,3.2,6.3,0.506,2,2.6,0.778,1.2,2.9,4.2,1.6,1.8,0.1,1.2,5.9,13.5
132,Damyean Dotson\dotsoda01,SG,25,NYK,48,0,836,7,16.9,0.414,3.4,9.5,0.362,3.6,7.4,0.48,1.3,1.9,0.667,0.6,4.7,5.3,3.3,1.3,0.2,1.2,2.6,18.7
133,Sekou Doumbouya\doumbse01,SF,19,DET,38,19,754,6,15.4,0.39,1.8,6.4,0.286,4.2,9,0.464,2,3,0.674,1.3,6.4,7.7,1.2,1.3,0.5,2.3,5.2,15.9
134,PJ Dozier\doziepj01,PG,23,DEN,22,0,250,7.7,20.1,0.382,1.4,6.3,0.219,6.3,13.8,0.457,1.4,2.2,0.636,1.2,5.1,6.3,6.5,1.4,1,2.4,6.3,18.2
135,Goran Dragić\dragigo01,PG,33,MIA,55,1,1555,9.2,21.1,0.436,3.7,9.9,0.373,5.5,11.1,0.492,5.6,7.3,0.775,0.8,4.5,5.3,8.7,1,0.3,4.2,3.5,27.7
136,Andre Drummond\drumman01,C,26,TOT,57,56,1879,10.9,20.5,0.533,0.1,0.9,0.143,10.8,19.6,0.551,4.4,7.7,0.575,6.5,16.1,22.6,4,2.8,2.4,5.3,5.3,26.4
136,Andre Drummond\drumman01,C,26,DET,49,48,1654,10.7,20.2,0.53,0,0.6,0.048,10.7,19.6,0.546,4.4,7.6,0.584,6.7,16.3,23,4.1,2.9,2.4,5.2,5.2,25.9
136,Andre Drummond\drumman01,C,26,CLE,8,8,225,12.5,22.7,0.552,0.9,3,0.286,11.7,19.7,0.593,4.3,8.4,0.513,5.2,14.1,19.2,3,2.6,2.4,6.3,5.4,30.3
137,Jared Dudley\dudleja01,SF,34,LAL,40,1,311,3.1,7.6,0.4,2.4,5.2,0.471,0.6,2.4,0.25,0.3,0.3,1,0.8,5.8,6.6,2.9,1.8,0.5,0.9,5.5,8.9
138,Kris Dunn\dunnkr01,PG,25,CHI,51,32,1269,5.8,13,0.444,1.1,4.3,0.259,4.7,8.7,0.535,1.5,2,0.741,0.9,6.2,7.1,6.6,3.8,0.6,2.6,6,14.2
139,Carsen Edwards\edwarca01,SG,21,BOS,35,0,316,5.7,17.3,0.327,3.2,10.4,0.309,2.4,6.9,0.356,1.7,2,0.846,0.9,5.7,6.6,3.4,1.5,0.5,2.3,5,16.2
140,Henry Ellenson\ellenhe01,PF,23,BRK,5,0,15,3.2,22.1,0.143,0,12.6,0,3.2,9.5,0.333,0,0,,6.3,12.6,19,3.2,0,0,0,3.2,6.3
141,Wayne Ellington\ellinwa01,SG,32,NYK,36,1,558,5.3,15.2,0.351,4.4,12.5,0.35,1,2.7,0.355,1,1.1,0.846,0.3,5.3,5.7,3.8,1.1,0.3,1.6,3.6,16
142,Joel Embiid\embiijo01,C,25,PHI,45,45,1363,12.4,25.8,0.479,2,5.9,0.343,10.3,19.9,0.52,11.4,14,0.815,4.7,14.6,19.3,5,1.4,2.2,5,5.5,38.2
143,James Ennis\ennisja01,SF,29,TOT,62,11,1078,5.9,13.3,0.439,2.2,6.3,0.343,3.7,7,0.526,3,3.7,0.805,2.8,6.4,9.1,2.5,1.4,0.9,2,5,16.9
143,James Ennis\ennisja01,SF,29,PHI,49,0,776,6.3,14.1,0.442,2.3,6.6,0.349,3.9,7.5,0.525,3,3.8,0.787,3,6.4,9.4,2.6,1.4,0.9,1.9,5.3,17.8
143,James Ennis\ennisja01,SF,29,ORL,13,11,302,4.8,11.3,0.429,1.8,5.5,0.324,3.1,5.8,0.528,2.9,3.4,0.857,2.1,6.3,8.4,2.4,1.1,1,2.1,4.2,14.4
144,Drew Eubanks\eubandr01,PF,22,SAS,15,3,132,8,10.5,0.759,0.4,0.4,1,7.6,10.2,0.75,2.9,4,0.727,2.9,9.8,12.7,1.8,0.7,2.2,3.6,7.6,19.3
145,Jacob Evans\evansja02,SG,22,TOT,29,1,418,5.2,15.3,0.336,1.5,4.5,0.333,3.7,10.9,0.337,2.9,3.3,0.862,1,3.7,4.7,3.5,1.3,1.4,2.9,4.7,14.6
145,Jacob Evans\evansja02,SG,22,GSW,27,1,414,5.2,15.4,0.338,1.5,4.4,0.342,3.7,11,0.337,2.9,3.4,0.862,1,3.7,4.7,3.6,1.3,1.4,2.9,4.7,14.8
145,Jacob Evans\evansja02,SG,22,MIN,2,0,4,0,11.6,0,0,11.6,0,0,0,,0,0,,0,0,0,0,0,0,0,0,0
146,Dante Exum\exumda01,SG,24,TOT,35,1,485,5.6,11.9,0.471,1.5,4.3,0.349,4.1,7.6,0.539,3.2,4.3,0.744,1.2,5.5,6.7,4,1.3,0.8,3.1,3.8,16
146,Dante Exum\exumda01,SG,24,UTA,11,0,83,5.9,13.5,0.435,1.2,3.5,0.333,4.7,10,0.471,1.2,1.2,1,1.8,5.3,7,4.1,0.6,1.2,5.9,4.7,14.1
146,Dante Exum\exumda01,SG,24,CLE,24,1,402,5.6,11.6,0.479,1.6,4.5,0.351,4,7.1,0.559,3.6,5,0.732,1.1,5.6,6.7,4,1.5,0.7,2.5,3.6,16.3
147,Tacko Fall\fallta01,C,24,BOS,6,0,24,18.1,24.2,0.75,0,0,,18.1,24.2,0.75,2,6,0.333,0,22.1,22.1,0,0,4,6,10.1,38.3
148,Derrick Favors\favorde01,C,28,NOP,47,45,1139,7.9,12.8,0.619,0,0.3,0.143,7.9,12.5,0.63,1.5,2.7,0.576,6.2,12.6,18.7,3.2,1.1,1.8,2.2,4.2,17.4
149,Cristiano Felício\feliccr01,PF,27,CHI,22,0,386,4.2,6.7,0.63,0,0.2,0,4.2,6.5,0.654,2.2,2.9,0.783,6.9,5.9,12.7,2,1.2,0.2,2.2,4.2,10.7
150,Terrance Ferguson\fergute01,SF,21,OKC,51,37,1174,3.1,8.3,0.368,1.9,6.5,0.295,1.2,1.9,0.622,0.6,0.8,0.789,1,2.1,3,1.9,1.1,0.7,1.2,6,8.7
151,Bruno Fernando\fernabr01,C,21,ATL,56,13,713,6.7,13,0.518,0.3,2.4,0.135,6.4,10.6,0.605,1.9,3.3,0.569,4.4,8.6,12.9,3.2,1.2,1.1,2.7,7,15.7
152,Yogi Ferrell\ferreyo01,PG,26,SAC,44,0,484,6.7,17,0.396,1.9,6.9,0.275,4.8,10.1,0.48,3.2,3.7,0.865,0.6,4.2,4.8,5.9,1.4,0.4,2.5,3.1,18.6
153,Dorian Finney-Smith\finnedo01,PF,26,DAL,65,62,1926,5.4,11.6,0.466,2.5,6.8,0.373,2.9,4.8,0.596,1.8,2.4,0.722,3.2,5.7,8.9,2.6,1.1,0.9,1.7,4,15.1
154,Bryn Forbes\forbebr01,SG,26,SAS,63,62,1579,7.4,17.6,0.417,4.5,11.6,0.388,2.9,6.1,0.47,2.3,2.7,0.833,0.4,3.5,3.8,3.3,1,0,1.7,3.4,21.5
155,Evan Fournier\fournev01,SG,27,ORL,62,62,1956,10.4,22,0.473,4.2,10.3,0.408,6.2,11.8,0.53,4.2,5.1,0.82,0.4,3.5,3.9,4.9,1.7,0.4,3,3.7,29.2
156,De'Aaron Fox\foxde01,PG,22,SAC,46,44,1464,11.5,24.1,0.477,1.6,5.3,0.3,9.9,18.8,0.527,7.3,10.3,0.704,1.1,5,6.1,10.3,2.2,0.8,4.8,4.4,31.9
157,Melvin Frazier\frazime01,SG,23,ORL,16,0,55,5.3,15.1,0.353,3.5,6.2,0.571,1.8,8.9,0.2,1.8,3.5,0.5,0.9,3.5,4.4,0.9,4.4,1.8,2.7,7.1,16
158,Michael Frazier\frazimi01,SG,25,HOU,8,0,66,2.8,7.7,0.364,1.4,5.6,0.25,1.4,2.1,0.667,2.8,4.2,0.667,0.7,1.4,2.1,0.7,1.4,0,1.4,9.1,9.8
159,Tim Frazier\fraziti01,PG,29,DET,27,11,355,4.7,13,0.362,1.4,4.2,0.333,3.3,8.9,0.375,2.6,3.3,0.792,1.2,3.3,4.6,12.9,1.9,0.6,5,5.8,13.4
160,Markelle Fultz\fultzma01,PG,21,ORL,65,59,1832,8.6,18.2,0.473,0.8,3.1,0.254,7.8,15.1,0.519,2.7,3.8,0.723,1,4.8,5.7,9.1,2.2,0.3,3.5,3.5,20.8
161,Wenyen Gabriel\gabriwe01,PF,22,TOT,28,1,210,4.6,10.5,0.435,1.4,4.6,0.3,3.2,5.9,0.538,3.2,4.6,0.7,4.1,6.4,10.5,1.8,2.3,1.4,3.7,8,13.7
161,Wenyen Gabriel\gabriwe01,PF,22,SAC,11,0,61,4.8,13.6,0.353,0.8,6.4,0.125,4,7.2,0.556,4.8,8,0.6,3.2,4.8,8,2.4,2.4,1.6,4,5.6,15.2
161,Wenyen Gabriel\gabriwe01,PF,22,POR,17,1,149,4.5,9.3,0.483,1.6,3.8,0.417,2.9,5.4,0.529,2.6,3.2,0.8,4.5,7,11.5,1.6,2.2,1.3,3.5,9,13.1
162,Daniel Gafford\gaffoda01,C,21,CHI,43,7,609,7.4,10.6,0.701,0,0,,7.4,10.6,0.701,2.5,4.7,0.533,4.1,4.3,8.4,1.7,1,4.4,2.3,7.8,17.4
163,Danilo Gallinari\gallida01,PF,31,OKC,56,56,1709,9.5,21.6,0.44,4.8,11.7,0.408,4.8,10,0.477,6.8,7.6,0.888,0.9,7.8,8.7,3.2,1.1,0.1,2,1.9,30.5
164,Langston Galloway\gallola01,SG,28,DET,66,6,1702,6.8,15.7,0.435,3.8,9.6,0.399,3,6.1,0.493,2.1,2.5,0.859,1,3.4,4.3,2.9,1.4,0.3,1.2,2.8,19.6
165,Darius Garland\garlada01,PG,20,CLE,59,59,1824,7.5,18.6,0.401,2.8,7.9,0.355,4.7,10.7,0.434,1.7,1.9,0.875,0.7,2.2,3,6.1,1.1,0.1,4,2.5,19.4
166,Marc Gasol\gasolma01,C,35,TOR,37,36,1014,4.8,11.4,0.42,2.4,6.1,0.395,2.4,5.4,0.447,1.3,1.8,0.737,1.4,9.7,11.1,5.9,1.3,1.6,2.1,5,13.3
167,Rudy Gay\gayru01,PF,33,SAS,61,5,1313,8.4,18.9,0.445,2.2,6.9,0.321,6.2,11.9,0.517,3.6,4.1,0.876,2.1,10,12.1,3.7,0.9,1.1,2.9,3.3,22.6
168,Paul George\georgpa01,SF,29,LAC,44,44,1282,11.4,26,0.438,5.4,13.1,0.414,6,13,0.462,6.3,7.2,0.872,0.8,8.3,9.2,6.1,2.3,0.7,4.3,3.9,34.5
169,Taj Gibson\gibsota01,C,34,NYK,62,56,1025,7.9,13.6,0.584,0.2,0.7,0.286,7.7,12.9,0.599,1.9,2.7,0.732,5.3,7.4,12.7,2.5,1.3,1.4,2.2,5.8,18
170,Harry Giles\gilesha01,PF,21,SAC,39,17,583,9.8,17.5,0.56,0,0,,9.8,17.5,0.56,2.8,3.6,0.767,2.8,10.6,13.4,4.2,1.8,1.2,2.9,8.4,22.3
171,Shai Gilgeous-Alexander\gilgesh01,SG,21,OKC,64,64,2247,9.7,20.5,0.473,1.7,4.9,0.352,8,15.6,0.511,5.6,7,0.802,1,7.4,8.4,4.6,1.6,1,2.6,2.4,26.8
172,Rudy Gobert\goberru01,C,27,UTA,64,64,2205,8,11.5,0.697,0,0,,8,11.5,0.697,5.1,8.3,0.62,4.8,14.5,19.2,2.1,1.1,2.9,2.7,4.5,21.2
173,Brandon Goodwin\goodwbr01,PG,24,ATL,34,1,430,8.2,20.6,0.4,2.8,9.4,0.299,5.4,11.2,0.485,3,3.3,0.933,1.2,6.6,7.8,5.5,1.3,0.4,3.1,4.7,22.3
174,Aaron Gordon\gordoaa01,PF,24,ORL,59,59,1940,7.9,18.4,0.432,1.7,5.7,0.3,6.2,12.7,0.492,3.6,5.3,0.678,2.6,8.8,11.4,5.5,1.3,0.9,2.4,2.9,21.2
175,Eric Gordon\gordoer01,SG,31,HOU,34,13,972,7.7,20.9,0.37,4.4,13.8,0.319,3.3,7.2,0.467,3.7,4.9,0.757,0.4,2.7,3.1,2.5,1.1,0.6,1.7,3.2,23.6
176,Devonte' Graham\grahade01,PG,24,CHO,63,53,2211,8.3,21.8,0.382,4.9,13.3,0.373,3.4,8.6,0.397,4.3,5.3,0.82,1,3.9,4.8,10.7,1.4,0.3,4.1,2.6,25.9
177,Treveon Graham\grahatr01,SG,26,TOT,55,20,929,4.4,12.1,0.36,1.7,6,0.275,2.7,6.1,0.443,1.8,2.8,0.643,2.6,5,7.5,2.3,1.2,0.3,1.5,5.1,12.2
177,Treveon Graham\grahatr01,SG,26,MIN,33,20,663,4.3,12.3,0.354,1.4,5.8,0.241,2.9,6.4,0.457,1.9,2.6,0.73,2,5,7,2.1,1.2,0.1,1.3,4.6,12
177,Treveon Graham\grahatr01,SG,26,ATL,22,0,266,4.4,11.7,0.373,2.3,6.5,0.351,2.1,5.3,0.4,1.6,3.3,0.474,3.9,4.9,8.8,2.6,1.2,0.7,1.8,6.3,12.6
178,Jerami Grant\grantje01,PF,25,DEN,65,22,1703,7.8,16.6,0.472,2.6,6.5,0.397,5.2,10.1,0.52,3.8,5.1,0.746,1.6,5,6.6,2.3,1.3,1.5,1.7,4.2,22.1
179,Jerian Grant\grantje02,G,27,WAS,1,0,10,9.3,9.3,1,4.7,4.7,1,4.7,4.7,1,0,0,,0,4.7,4.7,4.7,0,0,0,4.7,23.3
180,Josh Gray\grayjo01,PG,26,NOP,2,0,23,2,4,0.5,0,0,,2,4,0.5,0,0,,2,2,4,4,0,0,10,2,4
181,Danny Green\greenda02,SG,32,LAL,63,63,1574,5.4,13.2,0.411,3.5,9.4,0.37,2,3.8,0.512,1,1.4,0.696,1.4,5,6.3,2.6,2.3,0.9,1.8,4,15.3
182,Draymond Green\greendr01,PF,29,GSW,43,43,1222,4.8,12.4,0.389,1.4,5.1,0.279,3.4,7.3,0.465,2.5,3.3,0.759,0.9,9.5,10.4,10.4,2.3,1.3,3.8,4.3,13.5
183,JaMychal Green\greenja01,PF,29,LAC,57,0,1175,5.3,12.6,0.417,3.2,8.5,0.371,2.1,4.1,0.515,1.3,1.8,0.727,3,11.3,14.3,1.8,1,0.8,1.9,6.2,15
184,Javonte Green\greenja02,SF,26,BOS,44,1,414,5.7,11.4,0.5,0.7,2.7,0.261,5,8.8,0.573,2.7,4.2,0.639,2.1,7.2,9.3,2.7,2.7,0.8,2.1,4.3,14.8
185,Jeff Green\greenje02,PF,33,TOT,41,2,774,7.4,16.8,0.444,3,8.8,0.345,4.4,7.9,0.555,3.6,4.6,0.784,1.4,5.6,7.1,2,1.4,1,2.2,4.3,21.5
185,Jeff Green\greenje02,PF,33,UTA,30,2,553,6.6,17.2,0.385,3,9.2,0.327,3.6,8,0.451,4.3,5.6,0.778,1.2,5.9,7.1,1.8,1.1,0.9,2.4,4.1,20.5
185,Jeff Green\greenje02,PF,33,HOU,11,0,221,9.4,15.7,0.6,3.1,8,0.395,6.3,7.8,0.811,1.9,2.3,0.818,1.9,5,6.9,2.7,2.1,1.3,1.9,5,23.9
186,Blake Griffin\griffbl01,PF,30,DET,18,18,512,8.5,24,0.352,2.6,10.7,0.243,5.9,13.4,0.439,7.3,9.4,0.776,1.6,6.4,8.1,5.7,0.7,0.7,3.8,2.6,26.8
187,Marko Guduric\gudurma01,SG,24,MEM,42,0,476,6,15.1,0.396,2.5,7.9,0.309,3.5,7.2,0.493,2.3,2.5,0.92,1.4,5.6,7,4.4,1.2,0.8,3.5,3.3,16.7
188,Kyle Guy\guyky01,SG,22,SAC,2,0,4,12.2,24.4,0.5,0,12.2,0,12.2,12.2,1,0,0,,0,0,0,0,0,0,0,0,24.4
189,Rui Hachimura\hachiru01,PF,21,WAS,42,42,1247,8.5,17.6,0.48,0.7,2.7,0.274,7.7,14.9,0.518,3.6,4.3,0.836,2.5,7.1,9.6,2.7,1.3,0.3,1.7,3.4,21.3
190,Devon Hall\hallde01,SG,24,OKC,5,0,20,2.4,12.2,0.2,0,4.9,0,2.4,7.3,0.333,7.3,9.7,0.75,0,2.4,2.4,7.3,0,0,2.4,2.4,12.2
191,Donta Hall\halldo01,PF,22,TOT,5,0,60,3.3,5.7,0.571,0,0,,3.3,5.7,0.571,4.9,9,0.545,6.5,8.1,14.6,1.6,0.8,1.6,1.6,8.1,11.4
191,Donta Hall\halldo01,PF,22,DET,4,0,48,1,4.1,0.25,0,0,,1,4.1,0.25,4.1,6.1,0.667,6.1,9.2,15.4,2,1,1,2,9.2,6.1
191,Donta Hall\halldo01,F,22,BRK,1,0,12,11.9,11.9,1,0,0,,11.9,11.9,1,7.9,19.8,0.4,7.9,4,11.9,0,0,4,0,4,31.6
192,Dusty Hannahs\hannadu01,SG,26,MEM,2,0,13,14.4,32.3,0.444,7.2,10.8,0.667,7.2,21.6,0.333,7.2,7.2,1,0,3.6,3.6,0,0,0,0,3.6,43.1
193,Tim Hardaway Jr.\hardati02,SG,27,DAL,64,51,1856,9.2,20.9,0.438,4.9,12.1,0.41,4.2,8.9,0.475,3.3,4.1,0.81,0.6,4.7,5.3,3.3,1,0.1,1.7,2.8,26.6
194,James Harden\hardeja01,SG,30,HOU,62,62,2285,12.5,28.6,0.439,5.6,15.8,0.352,7,12.8,0.546,12.9,15,0.861,1.3,6.8,8.1,9.3,2.2,1.1,5.6,4.3,43.6
195,Maurice Harkless\harklma01,SF,26,TOT,62,48,1427,4.7,9.4,0.502,1.1,3.3,0.347,3.6,6.2,0.584,1.3,2.2,0.591,1.8,6.2,8,2.3,1.9,1.1,1.8,4.9,11.9
195,Maurice Harkless\harklma01,SF,26,LAC,50,38,1141,4.6,9,0.516,1.1,3,0.37,3.5,5.9,0.59,1,1.7,0.571,1.9,6.3,8.3,2,2,1.2,1.9,5,11.4
195,Maurice Harkless\harklma01,SF,26,NYK,12,10,286,5.1,11.2,0.455,1.2,4.3,0.28,3.9,7,0.561,2.6,4.1,0.625,1.4,5.4,6.8,3.4,1.5,0.5,1.2,4.8,14
196,Jared Harper\harpeja01,PG,22,PHO,3,0,8,5.9,23.7,0.25,0,11.8,0,5.9,11.8,0.5,0,0,,0,0,0,0,0,0,0,0,11.8
197,Montrezl Harrell\harremo01,C,26,LAC,63,2,1749,12.7,21.9,0.58,0,0.5,0,12.7,21.4,0.593,6.2,9.5,0.658,4.4,7.6,12,2.9,1.1,1.9,2.9,3.9,31.6
198,Gary Harris\harriga01,SG,25,DEN,56,55,1780,6,14.4,0.42,1.9,5.8,0.333,4.1,8.6,0.479,2.1,2.6,0.815,0.7,3.8,4.5,3.3,2.1,0.4,1.7,3.2,16.1
199,Joe Harris\harrijo01,SF,28,BRK,64,64,1975,8.1,17.2,0.472,3.7,9,0.411,4.4,8.2,0.54,1.5,2,0.738,1.4,5.2,6.6,3.2,0.9,0.4,2.3,3.4,21.4
200,Tobias Harris\harrito02,PF,27,PHI,66,66,2280,10.8,22.9,0.471,2.6,7,0.363,8.2,15.8,0.519,3.3,4.1,0.809,1.2,8.3,9.5,4.4,1.1,0.8,2.1,3.2,27.5
201,Shaquille Harrison\harrish01,SF,26,CHI,43,10,484,7.7,16.4,0.467,1.6,4.2,0.381,6.1,12.2,0.496,3.9,5,0.78,2.2,6.4,8.6,4.9,3.4,1.9,1.9,5.5,20.8
202,Josh Hart\hartjo01,SF,24,NOP,59,14,1604,5.9,14.1,0.42,3.3,9.5,0.345,2.7,4.6,0.571,2,2.7,0.739,1.6,9.3,10.9,2.7,1.7,0.6,1.9,4.3,17.1
203,Isaiah Hartenstein\harteis01,C,21,HOU,23,2,266,7.7,11.7,0.657,0,0.9,0,7.7,10.8,0.71,3.3,4.9,0.679,5.1,10.6,15.7,3.1,1.6,2.1,2.8,7.2,18.7
204,Udonis Haslem\hasleud01,PF,39,MIA,3,0,21,2.3,14,0.167,0,4.7,0,2.3,9.3,0.25,7,9.3,0.75,0,18.6,18.6,2.3,0,0,0,7,11.6
205,Jaxson Hayes\hayesja02,C,19,NOP,58,12,991,7.5,11.3,0.661,0,0.2,0.25,7.4,11.1,0.668,5.2,8.2,0.631,4.2,6.9,11.1,2.5,1.1,2.5,2.1,6.8,20.1
206,Gordon Hayward\haywago01,SF,29,BOS,46,46,1536,9.8,19.5,0.501,2.3,6,0.385,7.5,13.5,0.552,3.1,3.6,0.853,1.5,8.1,9.5,6,1.1,0.7,2.6,2.6,25
207,John Henson\hensojo01,PF,29,TOT,40,8,600,7.7,13.9,0.556,0.7,2.9,0.222,7.1,11,0.644,1.9,3.7,0.5,3.7,9.4,13.2,4.4,2,3.4,2.9,6.3,18
207,John Henson\hensojo01,PF,29,CLE,29,2,412,7.2,14.2,0.508,0.7,3.7,0.194,6.5,10.5,0.618,2,3.9,0.515,3.8,9.7,13.5,5.1,1.9,3.8,2.5,6.5,17.1
207,John Henson\hensojo01,PF,29,DET,11,6,188,8.9,13.3,0.667,0.5,1.3,0.4,8.4,12,0.696,1.6,3.4,0.462,3.7,8.9,12.6,2.9,2.1,2.6,3.9,6,19.9
208,Dewan Hernandez\hernade01,C,23,TOR,4,0,11,4.3,21.7,0.2,0,4.3,0,4.3,17.3,0.25,8.7,8.7,1,8.7,21.7,30.3,0,4.3,0,4.3,26,17.3
209,Juan Hernangómez\hernaju01,PF,24,TOT,48,14,833,5.7,14.2,0.405,2.5,7.4,0.341,3.2,6.8,0.475,2.5,4.1,0.62,2.5,8.9,11.3,2.3,1.1,0.5,1.8,3.7,16.6
209,Juan Hernangómez\hernaju01,PF,24,DEN,34,0,422,4.4,12.9,0.345,1.8,7,0.25,2.7,5.8,0.46,1.9,2.9,0.64,2.8,8.3,11.1,2.6,0.6,0.6,2.1,3.4,12.5
209,Juan Hernangómez\hernaju01,PF,24,MIN,14,14,411,7,15.5,0.453,3.3,7.8,0.42,3.7,7.7,0.485,3.2,5.2,0.609,2.1,9.4,11.5,2,1.6,0.5,1.6,4,20.4
210,Willy Hernangómez\hernawi01,C,25,CHO,31,0,375,9.9,18.6,0.532,0.7,2.9,0.227,9.2,15.6,0.59,4.9,7.9,0.627,5.7,12.2,17.9,3.9,1.3,0.9,4,4.3,25.4
211,Tyler Herro\herroty01,SG,20,MIA,48,6,1300,8.4,20.3,0.414,3.8,9.7,0.389,4.6,10.6,0.436,2.5,3,0.835,0.5,6.7,7.2,3.5,1.1,0.3,2.7,2.3,23
212,Kevin Hervey\herveke01,PF,23,OKC,7,0,19,2.6,28.2,0.091,0,20.5,0,2.6,7.7,0.333,0,0,,0,5.1,5.1,2.6,0,0,0,2.6,5.1
213,Mario Hezonja\hezonma01,PF,24,POR,48,4,790,5,11.7,0.428,1.3,4,0.333,3.7,7.7,0.477,2.7,3.3,0.818,1.6,8.4,10,2.7,1.9,0.5,2.4,5.8,14.1
214,Buddy Hield\hieldbu01,SG,27,SAC,65,44,2064,10.8,25.4,0.426,5.8,14.8,0.391,5,10.6,0.474,2.7,3.2,0.843,1.3,6,7.3,4.7,1.4,0.4,3.6,3.6,30.1
215,George Hill\hillge01,PG,33,MIL,53,0,1131,7.3,13.8,0.528,3,6.2,0.474,4.3,7.6,0.572,2.9,3.5,0.828,1.9,4.5,6.4,6.3,1.7,0.2,2.1,3.1,20.4
216,Solomon Hill\hillso01,SF,28,TOT,55,4,994,4.7,11.7,0.403,2.8,7.4,0.378,1.9,4.3,0.446,1.4,2,0.714,1.3,6,7.3,4.6,1.7,0.6,2.2,3.7,13.6
216,Solomon Hill\hillso01,SF,28,MEM,48,3,901,5,12.1,0.412,2.9,7.6,0.381,2.1,4.5,0.465,1.3,2,0.684,1.2,6.2,7.5,4.9,1.6,0.4,2.1,3.8,14.2
216,Solomon Hill\hillso01,SF,28,MIA,7,1,93,2.1,7.9,0.267,1.6,4.7,0.333,0.5,3.2,0.167,2.1,2.1,1,1.6,3.7,5.3,2.1,2.6,2.6,3.7,3.2,7.9
217,Jaylen Hoard\hoardja01,SF,20,POR,13,0,103,6.9,14.8,0.469,0,1.4,0,6.9,13.4,0.517,3.7,6,0.615,6.5,8.3,14.8,1.9,2.3,0,1.9,5.6,17.6
218,Aaron Holiday\holidaa01,PG,23,IND,59,27,1403,7.2,17.6,0.409,2.8,7.1,0.393,4.4,10.4,0.42,2.3,2.7,0.857,0.7,4,4.8,7,1.6,0.5,2.6,3.6,19.5
219,Jrue Holiday\holidjr01,SG,29,NOP,57,57,1982,10.1,22.3,0.452,2.7,7.7,0.355,7.3,14.6,0.503,2.8,4,0.7,1.7,4.8,6.5,9,2.2,1,3.9,3.1,25.7
220,Justin Holiday\holidju01,SG,30,IND,66,3,1655,5.6,13,0.435,3.6,8.6,0.42,2,4.4,0.466,1.4,1.8,0.77,0.9,5.2,6.1,2.6,2.3,1.2,1.2,3.6,16.3
221,Rondae Hollis-Jefferson\holliro01,SF,25,TOR,53,5,1003,6.6,14.1,0.47,0.1,0.8,0.118,6.5,13.3,0.491,4.5,6.1,0.736,4.9,7.3,12.2,4.3,2.1,1,2.3,5,17.8
222,Richaun Holmes\holmeri01,C,26,SAC,40,34,1149,9,13.8,0.653,0,0,,9,13.8,0.653,3.6,4.4,0.808,5.1,8.9,14,1.7,1.7,2.3,2.2,6.7,21.6
223,Rodney Hood\hoodro01,SF,27,POR,21,21,619,6.7,13.2,0.506,2.7,5.5,0.493,4,7.8,0.515,1.6,2.1,0.778,0.8,4.8,5.5,2.5,1.3,0.3,1.5,3.5,17.7
224,Al Horford\horfoal01,C,33,PHI,61,57,1871,7.6,17.2,0.442,2.3,6.9,0.34,5.3,10.3,0.51,1.5,1.9,0.757,2.4,8.4,10.8,6.4,1.3,1.5,1.8,3.4,19
225,Talen Horton-Tucker\hortota01,SG,19,LAL,2,0,5,0,9.5,0,0,9.5,0,0,0,,0,0,,0,0,0,19,9.5,0,0,0,0
226,Danuel House\houseda01,SF,26,HOU,59,48,1781,5.6,12.9,0.43,3.1,8.4,0.368,2.4,4.5,0.547,1.8,2.2,0.8,1.5,5.1,6.5,2.1,1.7,0.8,1.3,3.2,16
227,Dwight Howard\howardw01,C,34,LAL,64,2,1223,7.4,10.1,0.734,0.1,0.2,0.6,7.3,9.9,0.736,3.5,7.2,0.489,6.2,11.9,18.1,1.7,1.1,3,3,8.1,18.4
228,William Howard\howarwi01,SG,26,HOU,2,0,13,0,14.3,0,0,14.3,0,0,0,,0,0,,0,7.1,7.1,3.6,0,0,3.6,3.6,0
229,Kevin Huerter\huertke01,SG,21,ATL,56,48,1760,6.7,16.1,0.413,3.4,8.8,0.38,3.3,7.3,0.453,1.4,1.7,0.828,0.9,5.1,6,5.6,1.4,0.7,2.3,3.7,18.1
230,De'Andre Hunter\huntede01,SF,22,ATL,63,62,2018,6.5,15.8,0.41,2.5,7,0.355,4,8.8,0.454,2.5,3.3,0.764,1,5.6,6.6,2.6,1,0.4,2.4,4.2,18
231,Chandler Hutchison\hutchch01,SF,23,CHI,28,10,527,7.3,16,0.457,1.1,3.5,0.316,6.2,12.5,0.496,4.2,7.1,0.59,1.6,8.2,9.9,2.4,2.5,0.6,2.5,4.3,19.9
232,Serge Ibaka\ibakase01,C,30,TOR,51,27,1397,11.1,21.5,0.517,2.3,5.7,0.393,8.8,15.7,0.562,3,4.1,0.748,3.6,10.7,14.3,2.5,0.8,1.5,3.5,4.9,27.5
233,Andre Iguodala\iguodan01,SG,36,MIA,15,0,274,4.6,9.5,0.491,1.8,4.6,0.385,2.9,4.8,0.593,0.4,1.4,0.25,1.8,7.7,9.5,5.2,1.4,2.9,3.6,5.5,11.4
234,Ersan İlyasova\ilyaser01,PF,32,MIL,57,8,909,6.9,14.7,0.473,2.4,6.3,0.376,4.6,8.4,0.545,3.3,4,0.835,3,11.1,14.1,2.4,1.2,0.7,1.7,4.4,19.6
235,Joe Ingles\inglejo01,SF,32,UTA,66,39,1980,5.5,12.5,0.444,3.1,7.8,0.394,2.5,4.7,0.526,1.7,2.2,0.775,0.6,5.8,6.4,8.3,1.5,0.2,3.2,3.5,15.9
236,Brandon Ingram\ingrabr01,PF,22,NOP,58,58,1975,11.3,24.3,0.464,3.3,8.6,0.384,8,15.7,0.507,6.8,8,0.859,1.2,7.3,8.4,5.6,1.3,0.9,4.2,3.9,32.6
237,Kyrie Irving\irvinky01,PG,27,BRK,20,20,658,14.3,30,0.478,4,10.2,0.394,10.3,19.8,0.522,6.8,7.4,0.922,1.6,5.8,7.4,9.2,1.9,0.7,3.7,3.8,39.5
238,Jonathan Isaac\isaacjo01,SF,22,ORL,33,32,965,7.8,16.6,0.471,1.6,4.7,0.344,6.2,11.9,0.521,2.9,3.8,0.773,2.9,8.6,11.5,2.2,2.6,3.9,2.4,4.1,20.2
239,Wesley Iwundu\iwundwe01,SF,25,ORL,45,18,810,4.6,11.7,0.397,1.3,4,0.313,3.4,7.6,0.441,3.7,4.6,0.816,1.4,5.4,6.8,2.8,1.5,0.7,1.1,3.7,14.3
240,Frank Jackson\jacksfr01,PG,21,NOP,53,1,682,7,18.4,0.382,2.6,8.3,0.317,4.4,10.1,0.436,3.3,4.5,0.742,1.4,3.9,5.2,3.3,1,0.3,2.9,4.5,20.1
241,Jaren Jackson Jr.\jacksja02,C,20,MEM,55,55,1555,10.2,21.7,0.467,4.2,10.7,0.397,5.9,11.1,0.535,3.9,5.3,0.743,1.6,6.1,7.7,2.3,1.1,2.6,2.9,6.7,28.4
242,Josh Jackson\jacksjo02,SG,22,MEM,19,0,370,8.8,20.1,0.44,2.9,9.1,0.319,5.9,11,0.54,4.2,6.1,0.688,1.4,6.7,8.1,4.2,2.3,1.1,3.3,4.9,24.7
243,Justin Jackson\jacksju01,PF,24,DAL,59,2,937,6.4,16.1,0.397,2.3,7.8,0.298,4.1,8.3,0.491,1.9,2.3,0.818,1.4,6,7.4,2.5,0.6,0.5,0.6,3,17
244,Reggie Jackson\jacksre01,PG,29,TOT,25,12,610,9.1,21.9,0.417,3.9,9.6,0.405,5.2,12.3,0.426,3.2,3.9,0.816,1.3,5.2,6.4,8.5,1,0.4,3.5,3.3,25.3
244,Reggie Jackson\jacksre01,PG,29,DET,14,10,381,9.8,25.6,0.384,4,10.6,0.378,5.8,15,0.388,3.4,4.3,0.788,1.4,3.9,5.3,9.3,1,0.1,3,2.7,27
244,Reggie Jackson\jacksre01,PG,29,LAC,11,2,229,8,16.1,0.5,3.7,8,0.462,4.3,8,0.538,2.9,3.3,0.875,1,7.2,8.2,7.2,0.8,0.8,4.3,4.3,22.6
245,Justin James\jamesju01,SG,23,SAC,34,0,218,7.4,17.4,0.423,2,5.8,0.346,5.4,11.6,0.462,2.2,4.7,0.476,1.3,5.4,6.7,3.6,1.3,2,1.8,3.6,19
246,LeBron James\jamesle01,PG,35,LAL,62,62,2163,13.2,26.6,0.495,3,8.6,0.349,10.2,18,0.565,5.4,7.7,0.696,1.4,9.5,10.9,14.3,1.6,0.7,5.5,2.4,34.7
247,Amile Jefferson\jeffeam01,PF,26,ORL,18,0,74,3.3,9.2,0.357,0,0,,3.3,9.2,0.357,3.3,9.2,0.357,6.6,8.6,15.2,2.6,0.7,2,2,4.6,9.9
248,DaQuan Jeffries\jeffrda01,SG,22,SAC,7,0,26,7.5,15,0.5,1.9,7.5,0.25,5.6,7.5,0.75,3.7,3.7,1,1.9,1.9,3.7,1.9,1.9,0,0,5.6,20.6
249,Ty Jerome\jeromty01,PG,22,PHO,28,0,315,5.6,15.9,0.349,2,7.1,0.277,3.6,8.9,0.407,1.7,2.1,0.786,0.9,5.3,6.2,6.5,2.1,0.5,2.7,4.2,14.7
250,Alize Johnson\johnsal02,SF,23,IND,13,0,54,6.3,13.5,0.467,0,0,,6.3,13.5,0.467,3.6,5.4,0.667,6.3,9.9,16.2,1.8,0,0,2.7,5.4,16.2
251,B.J. Johnson\johnsbj01,SF,24,ORL,8,0,46,5.3,19.1,0.278,1.1,6.4,0.167,4.2,12.7,0.333,2.1,2.1,1,1.1,5.3,6.4,2.1,2.1,0,3.2,0,13.8
252,Cameron Johnson\johnsca02,PF,23,PHO,50,2,1021,6.5,15.4,0.423,4.3,10.8,0.397,2.3,4.7,0.485,1.7,2.2,0.766,1.9,4.8,6.6,2.5,1.4,0.7,1.4,3.6,19
253,James Johnson\johnsja01,PF,32,TOT,32,1,619,7.9,16.5,0.479,2.5,7,0.363,5.4,9.5,0.565,2.4,3.7,0.646,1.9,7.1,9.1,5.7,1.9,2.5,3.7,6.1,20.7
253,James Johnson\johnsja01,PF,32,MIA,18,0,281,6.8,15.1,0.448,2.8,7.8,0.356,4,7.3,0.548,1.4,2.4,0.571,1.4,7.7,9.1,3.7,1,2.3,2.6,5.9,17.8
253,James Johnson\johnsja01,PF,32,MIN,14,1,338,8.8,17.6,0.5,2.3,6.3,0.37,6.5,11.3,0.573,3.2,4.7,0.676,2.3,6.7,9.1,7.3,2.6,2.6,4.5,6.3,23.1
254,Keldon Johnson\johnske04,SF,20,SAS,10,0,122,7.5,14.9,0.5,1.6,3.5,0.444,5.9,11.4,0.517,2.8,4.7,0.583,2.4,6.7,9,3.1,2.4,0.4,1.2,3.9,19.3
255,Stanley Johnson\johnsst04,PF,23,TOR,20,0,96,4,15.4,0.258,1,6.5,0.154,3,8.9,0.333,2.5,3,0.833,1.5,9.4,10.9,4,2,1,4,5,11.4
256,Tyler Johnson\johnsty01,SG,27,TOT,32,3,534,5.9,15.9,0.374,2.2,7.7,0.287,3.7,8.2,0.457,2.7,3.4,0.789,1,3.8,4.8,4.8,1.1,0.7,2.1,4.1,16.7
256,Tyler Johnson\johnsty01,SG,27,PHO,31,3,515,6,15.7,0.38,2.2,7.6,0.289,3.8,8.1,0.466,2.2,2.9,0.75,0.9,3.9,4.8,4.6,1.1,0.7,2.2,4,16.4
256,Tyler Johnson\johnsty01,G,27,BRK,1,0,19,5,20,0.25,2.5,10,0.25,2.5,10,0.25,15,15,1,2.5,2.5,5,10,0,0,0,7.5,27.5
257,Nikola Jokić\jokicni01,C,24,DEN,66,66,2135,12,22.8,0.527,1.7,5.3,0.312,10.3,17.4,0.593,5.1,6.3,0.81,3.6,11.9,15.5,10.5,1.8,1,4.7,4.7,30.8
258,Damian Jones\jonesda03,C,24,ATL,55,27,887,6.4,9.4,0.68,0.1,0.5,0.222,6.3,8.9,0.704,3.3,4.4,0.738,3.9,6.9,10.8,1.8,1.4,2.1,1.5,7.8,16.1
259,Derrick Jones Jr.\jonesde02,SF,22,MIA,52,15,1261,6.4,12.6,0.511,1.3,4.9,0.268,5.1,7.7,0.667,3.5,4.5,0.774,2.2,6.1,8.3,2.2,2.1,1.4,1,4.5,17.7
260,Tyus Jones\jonesty01,PG,23,MEM,65,6,1232,7.5,16.3,0.459,1.8,4.7,0.379,5.7,11.6,0.492,1.6,2.2,0.741,0.3,3.6,3.9,10.8,2.2,0.2,2.1,1.7,18.3
261,DeAndre Jordan\jordade01,C,31,BRK,56,6,1234,7.3,11,0.666,0,0,,7.3,11,0.666,3.2,4.7,0.68,5.4,16.1,21.6,4,0.7,2,2.8,4.4,17.9
262,Cory Joseph\josepco01,PG,28,SAC,65,22,1565,4.9,11.6,0.42,1.5,4.3,0.348,3.4,7.3,0.462,1.5,1.8,0.828,1.2,4,5.1,6.9,1.5,0.7,2,3.8,12.8
263,Mfiondu Kabengele\kabenmf01,C,22,LAC,12,0,64,10.3,23.6,0.438,6.6,14.7,0.45,3.7,8.8,0.417,3.7,3.7,1,0.7,7.4,8.1,1.5,1.5,1.5,1.5,6.6,30.9
264,Frank Kaminsky\kaminfr01,C,26,PHO,33,13,728,8.3,18.4,0.452,2.5,7.4,0.342,5.8,11,0.527,3.8,5.7,0.67,1.9,8.4,10.4,4.7,0.8,0.6,2.2,4.6,23
265,Enes Kanter\kanteen01,C,27,BOS,52,6,902,9.5,16.8,0.565,0.1,0.4,0.143,9.4,16.4,0.575,3.4,4.8,0.708,7.6,13.7,21.3,2.6,1.2,2,2.8,4.7,22.4
266,Luke Kennard\kennalu01,SG,23,DET,28,25,922,8.1,18.2,0.442,3.9,9.8,0.399,4.2,8.5,0.491,3.6,3.9,0.905,0.5,4.7,5.2,6.1,0.6,0.3,2.3,3.5,23.6
267,Stanton Kidd\kiddst01,SF,27,UTA,4,0,15,0,9.7,0,0,3.2,0,0,6.5,0,0,0,,0,9.7,9.7,3.2,0,0,6.5,9.7,0
268,Michael Kidd-Gilchrist\kiddgmi01,PF-SF,26,TOT,21,0,231,4.1,12.9,0.317,1.1,4.3,0.25,3,8.6,0.35,1.9,2.4,0.818,2.6,9.2,11.8,2.8,0.4,1.1,2.8,6.9,11.2
268,Michael Kidd-Gilchrist\kiddgmi01,PF,26,CHO,12,0,160,5.6,16.6,0.34,1.6,5.3,0.294,4.1,11.3,0.361,2.2,2.8,0.778,2.8,8.1,11,3.1,0,0.9,2.2,5.6,15
268,Michael Kidd-Gilchrist\kiddgmi01,SF,26,DAL,9,0,71,0.7,4.8,0.143,0,2,0,0.7,2.7,0.25,1.4,1.4,1,2,11.6,13.6,2,1.4,1.4,4.1,9.5,2.7
269,Louis King\kinglo02,SF,20,DET,10,0,62,6.3,16.7,0.381,3.2,8.7,0.364,3.2,7.9,0.4,0,2.4,0,0.8,7.1,7.9,4,1.6,0,1.6,7.9,15.9
270,Maxi Kleber\klebima01,C,28,DAL,67,21,1729,6,13.2,0.459,3,8.1,0.374,3,5.1,0.593,2,2.3,0.866,2.8,7.3,10.1,2.2,0.6,2.2,1.4,4.4,17.1
271,Brandon Knight\knighbr03,PG,28,TOT,25,3,462,6.2,17.7,0.353,4.8,13.9,0.344,1.5,3.8,0.389,2.1,3.6,0.588,0.4,3.9,4.3,7.3,1.1,0.3,4,4.2,19.4
271,Brandon Knight\knighbr03,PG,28,CLE,16,0,241,5.7,17.4,0.326,3.8,12.9,0.297,1.8,4.4,0.409,0.8,2.6,0.308,0.6,3.4,4,6.3,1,0.4,3.2,4,15.9
271,Brandon Knight\knighbr03,PG,28,DET,9,3,221,6.9,18,0.383,5.8,14.9,0.388,1.1,3.1,0.357,3.6,4.7,0.762,0.2,4.5,4.7,8.5,1.1,0.2,4.9,4.5,23.1
272,Kevin Knox\knoxke01,SF,20,NYK,65,4,1166,6,16.7,0.359,2.7,8.3,0.327,3.3,8.4,0.391,2.8,4.2,0.653,1.2,6.5,7.7,2.5,1,1.2,1.9,4.4,17.5
273,John Konchar\konchjo01,SG,23,MEM,15,0,167,6.4,9.8,0.657,1.1,2.5,0.444,5.3,7.3,0.731,0.3,0.6,0.5,5,7.8,12.9,5.9,2,0.8,1.7,2,14.3
274,Furkan Korkmaz\korkmfu01,SG,22,PHI,65,12,1412,7.6,17.8,0.429,4.3,11,0.393,3.3,6.8,0.487,1.9,2.6,0.747,0.6,4.6,5.1,2.5,1.2,0.5,1.8,3.1,21.5
275,Luke Kornet\kornelu01,C,24,CHI,36,14,559,7.1,16.1,0.439,2.7,9.3,0.287,4.4,6.8,0.646,1.7,2.4,0.714,1.9,5.3,7.2,2.8,0.9,2.2,1.2,4.7,18.5
276,Kyle Korver\korveky01,SF,38,MIL,51,0,847,6.1,14.2,0.428,4.7,11.4,0.415,1.3,2.8,0.481,1.5,1.8,0.824,0.8,5,5.7,3.3,1.2,0.6,2.4,3.7,18.5
277,Rodions Kurucs\kurucro01,PF,21,BRK,40,4,517,5.7,12.7,0.449,2.4,6.2,0.382,3.3,6.4,0.514,1.7,2.8,0.633,1.7,7.7,9.4,3.2,1.6,0.3,3.2,6.5,15.5
278,Kyle Kuzma\kuzmaky01,PF,24,LAL,56,7,1387,9,20.9,0.432,2.6,8.6,0.308,6.4,12.3,0.518,3.5,4.8,0.741,1.6,7,8.7,2.5,0.7,0.8,3,3.9,24.2
279,Skal Labissière\labissk01,C,23,POR,33,1,567,6.8,12.4,0.551,0.3,1.1,0.231,6.6,11.3,0.582,2.1,2.8,0.758,5.5,8.7,14.2,3.5,0.6,2.6,2.5,7.5,16
280,Jeremy Lamb\lambje01,SG,27,IND,46,42,1291,8.1,18.1,0.451,2,6,0.335,6.1,12.1,0.508,3.5,4.1,0.836,0.9,6.6,7.5,3.6,2.1,0.8,1.9,3.9,21.8
281,Romeo Langford\langfro01,SG,20,BOS,27,1,298,3.9,10.4,0.375,0.8,3.7,0.217,3.1,6.6,0.463,2.6,3.7,0.696,2.3,2.9,5.2,1,1.3,1,1.5,4.7,11.2
282,Zach LaVine\lavinza01,SG,24,CHI,60,60,2085,12.5,27.7,0.45,4.3,11.2,0.38,8.2,16.5,0.497,6.2,7.7,0.802,0.9,5.7,6.7,5.9,2,0.6,4.8,3,35.3
283,Vic Law\lawvi01,SF,24,ORL,5,0,9,0,16.3,0,0,5.4,0,0,10.8,0,0,10.8,0,0,5.4,5.4,0,0,0,0,0,0
284,Jake Layman\laymaja01,PF,25,MIN,23,2,505,7.4,16.5,0.453,2.2,6.6,0.333,5.2,9.8,0.533,2.2,2.9,0.75,1.6,3.7,5.2,1.4,1.6,0.9,2.2,4.3,19.3
285,T.J. Leaf\leaftj01,PF,22,IND,26,1,202,7.7,18.3,0.421,1.2,3.9,0.313,6.5,14.5,0.45,1.7,3.4,0.5,5.5,10.8,16.4,1.9,1.9,1,1.9,4.8,18.3
286,Jalen Lecque\lecquja01,PG,19,PHO,4,0,26,7.3,18.2,0.4,0,7.3,0,7.3,10.9,0.667,3.6,3.6,1,0,0,0,3.6,0,0,1.8,3.6,18.2
287,Courtney Lee\leeco01,SG,34,DAL,24,9,345,5.6,11.5,0.488,2.9,6.6,0.447,2.7,4.9,0.543,0.8,1,0.857,1,3.5,4.5,1.7,2.5,0.8,1.5,4.6,15
288,Damion Lee\leeda03,SG,27,GSW,49,36,1423,7.2,17.2,0.417,2.9,8,0.356,4.3,9.1,0.471,3.7,4.2,0.873,1.1,7,8,4.5,1.7,0.2,2.3,3.9,20.9
289,Alex Len\lenal01,C,26,TOT,49,9,895,8.8,15.8,0.556,0.7,2.9,0.25,8.1,12.9,0.626,3,4.8,0.637,5,10.4,15.4,2.5,1.2,2.4,2.6,6,21.4
289,Alex Len\lenal01,C,26,ATL,40,9,745,8.9,16.3,0.546,0.9,3.5,0.25,8,12.8,0.627,3.2,5.1,0.63,4.3,10.1,14.4,2.6,1.3,2.1,2.4,5.8,21.8
289,Alex Len\lenal01,C,26,SAC,9,0,150,8.4,13.6,0.619,0,0,,8.4,13.6,0.619,2.3,3.2,0.7,8.4,12.3,20.8,1.6,0.6,4.2,3.6,6.8,19.2
290,Kawhi Leonard\leonaka01,SF,28,LAC,53,53,1703,13.5,29,0.467,3.1,8.4,0.371,10.4,20.7,0.505,9.2,10.4,0.888,1.4,9.1,10.6,7.3,2.6,0.9,4,2.8,39.4
291,Meyers Leonard\leoname01,C,27,MIA,49,49,987,5.7,11.1,0.52,2.5,5.9,0.429,3.2,5.2,0.625,0.8,1.3,0.654,1.3,11,12.3,2.6,0.6,0.7,1.7,5.1,14.9
292,Caris LeVert\leverca01,SG,25,BRK,40,26,1159,10.6,25.6,0.414,2.9,7.9,0.373,7.7,17.7,0.432,4.9,6.8,0.721,1.7,4.9,6.6,6.8,1.8,0.3,4.2,2.9,29
293,Damian Lillard\lillada01,PG,29,POR,59,59,2185,11.8,25.8,0.457,5,12.7,0.392,6.8,13.1,0.52,8.6,9.7,0.886,0.7,4.9,5.6,10.1,1.3,0.5,3.7,2.2,37.2
294,Nassir Little\littlna01,PF,19,POR,48,5,573,5.4,12.6,0.43,1.2,4.9,0.237,4.2,7.7,0.554,2.3,3.7,0.636,2.6,6.4,9,1.8,1.1,1.2,1.2,6,14.3
295,Kevon Looney\looneke01,C,23,GSW,20,4,262,5.3,14.4,0.367,0.2,2.6,0.071,5.1,11.9,0.431,1.6,2.2,0.75,5.1,6.9,12.1,3.7,2.2,1.1,2.2,6.2,12.4
296,Brook Lopez\lopezbr01,C,31,MIL,62,61,1651,6.9,16.1,0.427,2.4,8,0.298,4.5,8.1,0.555,2.8,3.5,0.816,1.2,6.5,7.6,2.6,1.2,4.3,1.8,4.2,18.9
297,Robin Lopez\lopezro01,C,31,MIL,61,4,876,7.3,14.5,0.505,1.8,5.1,0.347,5.5,9.3,0.592,1.3,2.3,0.556,2.7,5,7.7,2.2,0.5,2.1,2.9,4.3,17.7
298,Kevin Love\loveke01,PF,31,CLE,56,56,1780,8.9,19.9,0.45,4,10.7,0.374,4.9,9.2,0.537,5.1,6,0.854,1.5,13.5,15,4.9,0.9,0.5,3.8,2.5,27
299,Kyle Lowry\lowryky01,PG,33,TOR,53,53,1936,7.8,18.6,0.419,3.9,10.9,0.358,3.9,7.8,0.503,6.6,7.7,0.859,0.8,5.8,6.5,10,1.7,0.5,3.9,4.2,26.1
300,Timothé Luwawu-Cabarrot\luwawti01,SG,24,BRK,40,0,692,5.9,14,0.422,3,8,0.376,2.9,6,0.483,3.8,4.5,0.833,1.6,4.9,6.5,1.7,1.1,0.4,2.2,5.8,18.6
301,Trey Lyles\lylestr01,PF,24,SAS,63,53,1271,5.8,12.9,0.446,2.5,6.3,0.387,3.3,6.6,0.503,1.2,1.7,0.733,2.7,10.9,13.6,2.6,1.1,1.1,1.5,3.7,15.2
302,Daryl Macon\maconda01,SG,24,MIA,4,0,14,3.5,10.5,0.333,3.5,7,0.5,0,3.5,0,0,0,,0,0,0,3.5,0,0,7,3.5,10.5
303,J.P. Macura\macurjp01,SG,24,CLE,1,0,1,0,0,,0,0,,0,0,,0,0,,0,0,0,0,0,0,0,0,0
304,Josh Magette\magetjo01,PG,30,ORL,8,0,38,6.4,19.3,0.333,1.3,5.1,0.25,5.1,14.1,0.364,1.3,2.6,0.5,1.3,6.4,7.7,6.4,3.9,1.3,6.4,5.1,15.4
305,Ian Mahinmi\mahinia01,C,33,WAS,38,35,808,6,12.1,0.495,0.3,1.5,0.192,5.7,10.6,0.538,4,6.5,0.619,4.5,8.1,12.6,2.8,1.8,2.5,2.6,6.6,16.3
306,Thon Maker\makerth01,C,22,DET,60,14,776,5.9,12.2,0.482,1.4,4.1,0.344,4.5,8.2,0.55,4.6,7,0.664,3.4,7.2,10.6,2.7,1.6,2.5,2.9,6.5,17.8
307,Terance Mann\mannte01,SG,23,LAC,36,6,282,3.8,9.9,0.39,0.7,2.2,0.308,3.2,7.7,0.413,1.5,2,0.75,1,5,6,6.7,1.5,0.8,2.3,6.4,9.9
308,Boban Marjanović\marjabo01,C,31,DAL,38,2,342,14,24.9,0.563,0.6,2.1,0.267,13.4,22.8,0.59,5.1,6.8,0.75,7.9,14.4,22.3,1.8,1,1,3.7,6.8,33.6
309,Lauri Markkanen\markkla01,PF,22,CHI,50,50,1492,8.1,19.1,0.425,3.5,10.2,0.344,4.6,8.8,0.518,4.1,4.9,0.824,1.9,8.2,10.1,2.4,1.4,0.7,2.6,3.1,23.8
310,Caleb Martin\martica02,SF,24,CHO,18,1,317,5.8,13.3,0.44,3.2,5.8,0.541,2.7,7.4,0.362,2.7,3.3,0.81,1.6,4.4,6,3.6,1.9,1.1,2.4,5.1,17.5
311,Cody Martin\martico01,SF,24,CHO,48,3,903,4.9,11.5,0.43,1,4.3,0.234,3.9,7.2,0.546,2.3,3.6,0.646,2.1,6.7,8.8,5.3,2.2,0.5,2.4,4.3,13.2
312,Jeremiah Martin\martije02,PG,23,BRK,4,0,25,7.6,24.7,0.308,1.9,11.4,0.167,5.7,13.3,0.429,0,0,,0,7.6,7.6,7.6,3.8,1.9,1.9,1.9,17.1
313,Kelan Martin\martike03,SF,24,MIN,31,4,495,6.7,17,0.392,2.3,9,0.26,4.3,8,0.541,2.8,2.9,0.968,1.1,7.9,9,2.2,0.7,0.8,1.9,4.8,18.5
314,Frank Mason III\masonfr01,PG,25,MIL,6,0,53,4.3,16.4,0.263,1.7,8.6,0.2,2.6,7.8,0.333,1.7,3.4,0.5,2.6,4.3,6.9,9.5,1.7,0,5.2,3.4,12.1
315,Garrison Mathews\mathega01,SG,23,WAS,18,0,227,4.9,11.5,0.429,3.9,9.5,0.413,1,2.1,0.5,6.4,7,0.912,1.2,3.7,4.9,2.1,1.6,0.2,1.6,6.6,20.1
316,Wesley Matthews\matthwe02,SG,33,MIL,63,63,1555,4.7,12,0.396,3,8.3,0.364,1.7,3.6,0.468,1.5,1.9,0.773,0.6,4.1,4.7,2.7,1.1,0.3,1.2,2.7,14
317,Patrick McCaw\mccawpa01,SF,24,TOR,37,12,908,3.5,8.5,0.414,1.2,3.7,0.324,2.3,4.8,0.484,0.7,0.9,0.722,1,3.5,4.5,4.1,2,0.2,1.5,3.2,8.9
318,CJ McCollum\mccolcj01,SG,28,POR,63,63,2275,11.8,25.8,0.457,3.7,9.7,0.381,8.1,16.1,0.502,2.6,3.5,0.753,0.9,4.5,5.4,5.7,1,0.8,2.5,3.4,29.9
319,T.J. McConnell\mccontj01,PG,27,IND,64,3,1205,7.7,14.9,0.516,0.2,0.6,0.313,7.5,14.2,0.526,1.4,1.6,0.85,1.4,5.3,6.7,13.1,1.9,0.4,3.5,2.8,16.9
320,Jalen McDaniels\mcdanja01,PF,22,CHO,16,0,293,5.6,12,0.471,1.5,4.1,0.375,4.1,7.9,0.522,2.4,2.9,0.824,2.6,8.5,11.1,2.2,1.4,0.5,1.9,6.2,15.2
321,Doug McDermott\mcderdo01,PF,28,IND,63,0,1259,9.5,19.3,0.492,4.6,10.3,0.442,4.9,8.9,0.55,1.7,2.1,0.833,0.9,5.2,6.1,2.8,0.3,0.2,1.5,4.2,25.3
322,JaVale McGee\mcgeeja01,C,32,LAL,63,63,1044,8.4,13.2,0.638,0.1,0.3,0.5,8.3,12.9,0.641,2.3,3.5,0.649,5.3,11.3,16.6,1.5,1.5,4.2,2.2,6.9,19.3
323,Rodney McGruder\mcgruro01,SG,28,LAC,51,3,762,3.9,9.8,0.396,1.4,4.9,0.275,2.5,4.9,0.519,0.9,1.7,0.536,1.6,6.5,8.1,1.9,1.4,0.5,1.3,4.1,10.1
324,Alfonzo McKinnie\mckinal01,SF,27,CLE,40,1,593,6,14,0.427,1.1,5.3,0.215,4.8,8.7,0.557,1.8,2.5,0.71,3,6.2,9.3,1.1,1.9,0.7,2.1,5.9,14.9
325,Jordan McLaughlin\mclaujo01,PG,23,MIN,30,2,590,6.8,14,0.489,2.3,6,0.382,4.6,8,0.569,2,3.1,0.667,0.6,3.3,3.9,9.8,2.7,0.3,2.4,2.4,18
326,Ben McLemore\mclembe01,SG,26,HOU,64,19,1451,6.8,15.2,0.449,5.1,12.6,0.401,1.8,2.6,0.688,1.5,2,0.75,0.6,3.8,4.4,1.7,1.2,0.4,1.5,4.3,20.2
327,Jordan McRae\mcraejo01,SG,28,TOT,37,4,784,8.9,22,0.407,2.7,7.6,0.357,6.2,14.4,0.433,5,6.5,0.761,1.1,6.4,7.4,5.6,1.3,1,2.6,4.4,25.6
327,Jordan McRae\mcraejo01,SG,28,WAS,29,4,654,9.5,22.6,0.42,2.9,7.6,0.377,6.6,15.1,0.441,4.6,5.9,0.771,1.2,6.2,7.4,5.8,1.4,1.1,2.7,4.4,26.4
327,Jordan McRae\mcraejo01,SG,28,DEN,4,0,32,3.1,9.3,0.333,3.1,6.2,0.5,0,3.1,0,4.6,6.2,0.75,1.5,6.2,7.7,6.2,3.1,1.5,0,3.1,13.9
327,Jordan McRae\mcraejo01,SG,28,DET,4,0,98,7,21.6,0.326,1.5,8,0.188,5.5,13.6,0.407,8,11,0.727,0,7.5,7.5,3.5,0,0,2.5,5,23.6
328,Nicolò Melli\mellini01,C,29,NOP,54,6,929,6.2,14.3,0.434,3.2,9.3,0.349,3,5.1,0.588,2.4,3.3,0.727,1.8,6,7.9,3.6,1.7,0.9,2.1,5.4,18.1
329,De'Anthony Melton\meltode01,PG,21,MEM,53,8,1041,6.7,16.1,0.419,1.7,5.3,0.311,5.1,10.7,0.473,4,5.1,0.796,1.7,7.1,8.8,7.1,3,0.9,3.5,4.3,19.2
330,Chimezie Metu\metuch01,PF,22,SAS,16,0,73,13.1,23,0.571,0,0.7,0,13.1,22.3,0.588,3.9,5.3,0.75,6.6,10.5,17.1,3.9,0.7,2.6,3.3,2.6,30.2
331,Khris Middleton\middlkh01,SF,28,MIL,56,53,1686,11.7,23.6,0.494,3.7,8.9,0.413,8,14.7,0.543,4.9,5.4,0.91,1.1,8.2,9.4,6.3,1.4,0.2,3.1,3.4,31.9
332,Eric Mika\mikaer01,PF,25,SAC,1,0,19,5.1,7.7,0.667,0,0,,5.1,7.7,0.667,5.1,5.1,1,5.1,12.8,17.9,0,0,0,0,12.8,15.4
333,C.J. Miles\milescj01,SG,32,WAS,10,0,161,5.5,17.1,0.322,3.2,10.1,0.314,2.3,7,0.333,4.3,5.8,0.75,1.2,2.3,3.5,3.5,2.9,1.2,1.2,4.1,18.5
334,Malcolm Miller\millema01,SF,26,TOR,25,1,125,3.1,9.2,0.333,2.3,7.2,0.316,0.8,1.9,0.4,0.4,2.3,0.167,0.4,5,5.3,3.1,1.5,0.8,1.1,4.6,8.8
335,Patty Mills\millspa02,PG,31,SAS,63,1,1430,8.3,19.3,0.429,5,13,0.38,3.3,6.3,0.529,3.1,3.6,0.861,0.6,2.7,3.3,3.8,1.7,0.2,1.7,3.3,24.6
336,Paul Millsap\millspa01,PF,34,DEN,45,42,1103,8.5,17.7,0.482,2.2,5,0.438,6.4,12.7,0.5,4.7,5.7,0.828,4,7.9,11.9,3.2,1.8,1.3,2.8,5.9,24
337,Shake Milton\miltosh01,SG,23,PHI,33,17,631,8.3,16.8,0.495,3.7,8.2,0.449,4.6,8.5,0.541,3,3.9,0.765,0.8,4.5,5.3,5.7,1.5,0.5,3.2,5.7,23.3
338,Donovan Mitchell\mitchdo01,SG,23,UTA,65,65,2233,12.5,27.6,0.452,3.4,9.5,0.362,9,18.1,0.499,5.6,6.5,0.86,1,5.1,6.2,6,1.5,0.3,3.8,3.4,34
339,Naz Mitrou-Long\mitrona01,SG,26,IND,3,0,43,6.8,18.1,0.375,2.3,12.5,0.182,4.5,5.7,0.8,0,0,,0,6.8,6.8,7.9,1.1,1.1,2.3,1.1,15.9
340,Adam Mokoka\mokokad01,SG,21,CHI,11,0,112,5.2,12,0.429,2.6,6.5,0.4,2.6,5.6,0.462,0.9,1.7,0.5,3,1.3,4.3,1.7,1.7,0,0.9,7.3,13.8
341,Malik Monk\monkma01,SG,21,CHO,55,1,1169,9.1,20.9,0.434,2.5,8.7,0.284,6.6,12.2,0.542,3.5,4.3,0.82,1.2,5.6,6.7,4.9,1.1,0.7,3.3,3.2,24.2
342,Matt Mooney\moonema01,SG,22,CLE,4,0,19,2.6,10.2,0.25,0,5.1,0,2.6,5.1,0.5,0,0,,0,7.7,7.7,2.6,5.1,2.6,0,2.6,5.1
343,E'Twaun Moore\mooreet01,SG,30,NOP,53,5,976,8.4,19.8,0.422,2.9,7.7,0.38,5.4,12.1,0.449,1.4,2,0.674,1.4,4.5,6,3.5,1.4,0.5,1.8,3.7,21.1
344,Ja Morant\moranja01,PG,20,MEM,60,60,1812,10.3,21.2,0.487,1.3,3.8,0.356,9,17.4,0.515,5.4,7,0.776,1.2,4.3,5.5,10.8,1.4,0.4,5,2.3,27.4
345,Juwan Morgan\morgaju01,PF,22,UTA,17,0,81,6,11.4,0.526,0.6,3.6,0.167,5.4,7.8,0.692,1.2,1.2,1,3.6,9,12.6,1.2,0,0.6,1.8,4.8,13.8
346,Marcus Morris\morrima03,SF-PF,30,TOT,57,57,1772,9,20.8,0.431,3.7,9,0.407,5.3,11.8,0.449,4.7,5.7,0.823,1.5,6.3,7.8,2.1,1.1,0.8,2.5,4.6,26.3
346,Marcus Morris\morrima03,SF,30,NYK,43,43,1387,9.9,22.3,0.442,4.1,9.3,0.439,5.8,13.1,0.444,5.7,7,0.823,1.7,6.5,8.2,2.1,1.2,0.6,2.6,4.5,29.5
346,Marcus Morris\morrima03,PF,30,LAC,14,14,385,5.9,15.6,0.378,2.2,8,0.277,3.7,7.6,0.484,1.1,1.3,0.818,0.9,5.5,6.4,2.3,1,1.3,2.2,4.8,15.1
347,Markieff Morris\morrima02,PF,30,TOT,54,16,1119,8.4,19,0.441,3.5,9.4,0.377,4.9,9.6,0.505,2.8,3.6,0.783,1.5,7.3,8.8,3.2,1.3,0.7,3.3,5.3,23.2
347,Markieff Morris\morrima02,PF,30,DET,44,16,988,8.7,19.4,0.45,3.7,9.4,0.397,5,10,0.5,3,3.9,0.772,1.2,7.4,8.6,3.4,1.3,0.5,3.5,5.2,24.2
347,Markieff Morris\morrima02,PF,30,LAL,10,0,131,6.2,16.7,0.37,2.2,9.4,0.231,4,7.3,0.55,1.5,1.5,1,4,6.2,10.2,1.8,1.5,1.8,1.8,6.2,16
348,Monte Morris\morrimo01,PG,24,DEN,66,9,1430,7.8,17,0.458,1.9,5,0.37,5.9,11.9,0.496,2,2.4,0.829,0.7,3.3,4,8.1,1.8,0.6,1.7,2.3,19.4
349,Johnathan Motley\motlejo01,PF,24,LAC,13,0,41,12.6,17.2,0.733,1.1,1.1,1,11.5,16.1,0.714,5.7,8,0.714,3.4,8,11.5,9.2,3.4,0,5.7,6.9,32.2
350,Emmanuel Mudiay\mudiaem01,PG,23,UTA,50,1,781,8.6,18.5,0.466,1.7,4.9,0.342,6.9,13.5,0.512,3.6,4.7,0.76,1.1,6.4,7.5,6.7,1.4,0.6,4.2,4.1,22.5
351,Mychal Mulder\muldemy01,SG,25,GSW,7,3,204,6.1,15.7,0.388,3.8,12.2,0.308,2.3,3.5,0.667,2.1,2.8,0.75,0.7,4.7,5.4,1.9,0.5,0.2,1.2,4.7,18.1
352,Dejounte Murray\murrade01,PG,23,SAS,59,51,1468,8.5,17.9,0.474,1.1,3,0.38,7.4,14.9,0.493,2.5,3.1,0.798,2.2,8.9,11.1,7.9,3.3,0.5,3.6,4.3,20.6
353,Jamal Murray\murraja01,PG,22,DEN,55,55,1804,10.5,23.2,0.455,2.9,8.3,0.345,7.7,14.8,0.517,4.3,4.8,0.893,1.1,4.8,5.9,7.3,1.8,0.4,3.4,2.7,28.3
354,Džanan Musa\musadz01,SF,20,BRK,36,0,414,6,16.2,0.369,1.8,7.6,0.242,4.1,8.6,0.48,3.8,5,0.75,2.2,6.2,8.4,3.7,1.5,0.1,3.6,3,17.5
355,Mike Muscala\muscami01,C,28,OKC,42,0,495,6.3,15.8,0.398,4.2,11.9,0.355,2.1,3.9,0.525,1.8,2.2,0.818,1.3,8,9.2,3.3,0.8,1.1,1.4,5.1,18.6
356,Sviatoslav Mykhailiuk\mykhasv01,SF,22,DET,56,27,1265,6.5,15.7,0.41,4.5,11.1,0.404,2,4.7,0.425,2.2,2.7,0.814,0.7,3.4,4,4.1,1.6,0.2,2.4,3.4,19.6
357,Abdel Nader\naderab01,SF,26,OKC,49,5,759,6.5,14.2,0.457,2.5,6.7,0.371,4,7.4,0.534,3.1,4,0.774,0.9,4.9,5.8,2.2,1.3,1.3,2.3,4.2,18.5
358,Larry Nance Jr.\nancela02,C,27,CLE,56,10,1472,7.6,14.2,0.531,1.9,5.3,0.352,5.7,9,0.636,1.7,2.4,0.676,3.5,10,13.5,4.1,1.9,0.7,2,3,18.6
359,Shabazz Napier\napiesh01,PG,28,TOT,52,31,1261,6.4,15.7,0.408,2.7,8.4,0.317,3.8,7.3,0.513,4.4,5.3,0.826,0.9,4.6,5.5,9.4,2.5,0.4,4.2,3.5,19.9
359,Shabazz Napier\napiesh01,PG,28,MIN,36,22,856,6.2,15.3,0.403,2.5,8.6,0.296,3.6,6.7,0.54,3.9,4.8,0.818,0.9,5,6,10.1,2.2,0.4,4.1,3.4,18.8
359,Shabazz Napier\napiesh01,PG,28,WAS,16,9,405,6.9,16.5,0.42,2.9,7.8,0.368,4,8.6,0.467,5.4,6.5,0.839,0.9,3.6,4.5,7.9,3.1,0.3,4.5,3.8,22.1
360,Raul Neto\netora01,PG,27,PHI,50,3,585,6.6,14.8,0.449,2.3,6,0.389,4.3,8.8,0.491,2.2,2.6,0.839,0.9,3.6,4.5,6.6,1.9,0.4,3.5,3.7,17.8
361,Malik Newman\newmama01,SG,22,CLE,1,0,4,0,24.3,0,0,12.2,0,0,12.2,0,24.3,24.3,1,0,0,0,0,0,0,12.2,0,24.3
362,Georges Niang\niangge01,PF,26,UTA,60,0,811,7.4,16.9,0.438,4.7,11.7,0.4,2.7,5.2,0.523,1.1,1.3,0.864,0.8,5.9,6.7,2.2,0.8,0.3,1.6,4,20.6
363,Joakim Noah\noahjo01,C,34,LAC,2,0,17,0,2.8,0,0,0,,0,2.8,0,13.9,16.6,0.833,8.3,13.9,22.2,5.5,0,2.8,5.5,16.6,13.9
364,Nerlens Noel\noelne01,C,25,OKC,56,6,1031,8.3,12,0.686,0,0.1,0.333,8.2,11.9,0.69,3.6,4.7,0.76,4,9.1,13.1,2.5,2.6,4.1,2.6,6.8,20.2
365,Zach Norvell\norveza01,SG,22,TOT,5,0,41,3.5,14,0.25,3.5,9.3,0.375,0,4.7,0,1.2,1.2,1,0,7,7,3.5,2.3,0,3.5,4.7,11.7
365,Zach Norvell\norveza01,SG,22,LAL,2,0,5,0,9.5,0,0,0,,0,9.5,0,0,0,,0,9.5,9.5,0,0,0,0,0,0
365,Zach Norvell\norveza01,SG,22,GSW,3,0,36,4,14.6,0.273,4,10.6,0.375,0,4,0,1.3,1.3,1,0,6.6,6.6,4,2.7,0,4,5.3,13.3
366,Jaylen Nowell\nowelja01,SG,20,MIN,15,0,151,5.8,16.3,0.358,0.9,8,0.115,4.9,8.3,0.593,4.9,5.2,0.941,0.9,3.1,4,5.8,0.9,0.3,0.9,3.4,17.5
367,Frank Ntilikina\ntilila01,PG,21,NYK,57,26,1187,5.4,13.7,0.393,1.8,5.6,0.321,3.6,8,0.444,2.1,2.4,0.864,0.9,4,5,7.1,2.2,0.7,2.9,5.8,14.6
368,Kendrick Nunn\nunnke01,SG,24,MIA,63,63,1868,10.1,22.4,0.45,3.5,9.5,0.363,6.7,12.9,0.515,2,2.4,0.837,0.5,4,4.5,5.6,1.3,0.3,2.7,3.8,25.7
369,Jusuf Nurkić\nurkiju01,C,25,POR,1,1,33,7.2,15.9,0.455,0,1.4,0,7.2,14.4,0.5,11.6,11.6,1,2.9,10.1,13,7.2,2.9,8.7,5.8,8.7,26
370,David Nwaba\nwabada01,SF,27,BRK,20,0,268,6.5,12.6,0.521,2.1,5,0.429,4.4,7.6,0.581,3.2,4.8,0.667,1.4,6.5,8,1.4,1.9,2.1,1.4,5.7,18.4
371,Royce O'Neale\onealro01,PF,26,UTA,66,57,1916,3.8,8.6,0.442,2.2,5.6,0.387,1.6,2.9,0.548,1,1.3,0.745,0.6,8.4,9,4.3,1.3,0.7,1.4,4.8,10.7
372,Kyle O'Quinn\oquinky01,C,29,PHI,26,1,258,6.6,13.6,0.486,1.3,4.3,0.304,5.3,9.2,0.571,1.9,3.6,0.526,6,12.4,18.4,6.6,0.9,4.1,3.4,6.6,16.4
373,Semi Ojeleye\ojelese01,PF,25,BOS,62,5,906,3.5,8.5,0.409,1.9,5.2,0.367,1.5,3.3,0.475,1.3,1.5,0.893,1.3,5.4,6.7,1.7,1,0.3,0.6,3.6,10.2
374,Jahlil Okafor\okafoja01,C,24,NOP,28,9,424,9.6,15.7,0.611,0.1,0.2,0.5,9.5,15.5,0.613,4,6.3,0.638,5,8,13,3.9,0.8,2.1,3.9,6.9,23.3
375,Elie Okobo\okoboel01,PG,22,PHO,54,3,707,4.8,12.1,0.398,1.7,4.8,0.352,3.1,7.4,0.427,3.1,4.5,0.687,1.1,4.8,5.9,7.6,1.6,0.3,2.5,3.5,14.4
376,Josh Okogie\okogijo01,SG,21,MIN,62,28,1547,5.1,11.9,0.427,1.2,4.6,0.266,3.9,7.3,0.529,4.6,5.7,0.796,2.6,5.4,8,3,2,0.8,2.6,4.2,16
377,KZ Okpala\okpalkz01,SF,20,MIA,5,0,26,5.6,9.4,0.6,0,1.9,0,5.6,7.5,0.75,1.9,3.8,0.5,1.9,7.5,9.4,1.9,3.8,1.9,1.9,3.8,13.2
378,Victor Oladipo\oladivi01,SG,27,IND,14,11,369,9.1,23.1,0.394,3,9.9,0.307,6.1,13.2,0.46,4.4,5.7,0.767,1.2,5.1,6.3,5.4,1.6,0.4,4.1,2.9,25.6
379,Kelly Olynyk\olynyke01,C,28,MIA,60,6,1113,7,14.4,0.485,3.7,8.4,0.44,3.3,6,0.547,3.1,3.6,0.854,1.7,9.9,11.6,4.4,1.7,0.8,2.9,6.5,20.7
380,Miye Oni\onimi01,SG,22,UTA,6,0,16,3,15.2,0.2,3,9.1,0.333,0,6.1,0,0,0,,3,9.1,12.2,0,3,3,3,0,9.1
381,Cedi Osman\osmande01,SF,24,CLE,65,65,1910,6.8,15.5,0.437,3.1,8.2,0.383,3.6,7.3,0.497,1.6,2.4,0.67,1,4.9,5.9,3.9,1.4,0.4,2.3,4.1,18.3
382,Kelly Oubre Jr.\oubreke01,SF,24,PHO,56,55,1933,9.1,20.2,0.452,2.6,7.5,0.352,6.5,12.7,0.511,4.7,6,0.78,1.6,7.2,8.8,2.1,1.7,1,2,4.7,25.6
383,Tariq Owens\owensta01,PF,24,PHO,3,0,15,3.2,15.8,0.2,0,6.3,0,3.2,9.5,0.333,6.3,6.3,1,6.3,3.2,9.5,0,3.2,0,0,3.2,12.6
384,Jeremy Pargo\pargoje01,PG,33,GSW,3,0,44,12,23.9,0.5,3.3,7.6,0.429,8.7,16.3,0.533,0,1.1,0,1.1,2.2,3.3,8.7,1.1,0,4.4,8.7,27.2
385,Jabari Parker\parkeja01,PF,24,TOT,33,23,852,10.9,21.8,0.499,1.7,6.3,0.267,9.2,15.5,0.594,3,4.1,0.743,3,7.7,10.7,3.3,2.3,0.8,3.3,5.1,26.5
385,Jabari Parker\parkeja01,PF,24,ATL,32,23,837,11,21.9,0.504,1.7,6.4,0.27,9.3,15.5,0.601,3,4,0.736,3,7.6,10.6,3.2,2.3,0.8,3.3,5.2,26.7
385,Jabari Parker\parkeja01,PF,24,SAC,1,0,15,3.2,19.5,0.167,0,3.2,0,3.2,16.2,0.2,6.5,6.5,1,0,13,13,6.5,0,0,0,3.2,13
386,Chandler Parsons\parsoch01,SF,31,ATL,5,0,54,4.3,15.5,0.278,3.5,12.1,0.286,0.9,3.5,0.25,0,0,,0.9,5.2,6,2.6,3.5,0.9,2.6,2.6,12.1
387,Eric Paschall\pascher01,PF,23,GSW,60,26,1654,9.2,18.5,0.497,1.1,3.7,0.287,8.1,14.8,0.55,4.7,6.1,0.774,2.4,5.6,8,3.7,0.9,0.4,2.7,3.6,24.2
388,Anžejs Pasečņiks\pasecan01,C,24,WAS,24,0,405,6.5,12.2,0.528,0,0.2,0,6.5,12,0.538,3.7,6.2,0.593,4.5,6.9,11.4,2,0.9,1.4,2.5,7.5,16.6
389,Patrick Patterson\pattepa01,PF,30,LAC,53,18,651,5.7,14.2,0.403,4.1,10.7,0.385,1.6,3.5,0.458,2,2.5,0.794,2.2,7.1,9.3,2.5,0.4,0.2,1.3,3.3,17.5
390,Justin Patton\pattoju01,C,22,OKC,5,0,24,8.1,20.3,0.4,2,8.1,0.25,6.1,12.2,0.5,0,0,,2,8.1,10.1,4.1,0,0,4.1,8.1,18.3
391,Chris Paul\paulch01,PG,34,OKC,64,64,2030,9.6,19.6,0.491,2.4,6.7,0.364,7.2,12.9,0.558,5.5,6.1,0.901,0.5,7.1,7.6,10.4,2.4,0.2,3.4,3.4,27.2
392,Cameron Payne\payneca01,G,25,PHO,1,0,19,10,17.4,0.571,2.5,5,0.5,7.5,12.5,0.6,0,0,,0,7.5,7.5,5,5,2.5,2.5,0,22.4
393,Elfrid Payton\paytoel01,PG,25,NYK,45,36,1246,7.5,17.2,0.439,0.5,2.7,0.203,7,14.5,0.482,1.9,3.4,0.57,2,6.3,8.3,12.6,2.7,0.7,3.8,3.5,17.5
394,Gary Payton II\paytoga02,PG,27,WAS,29,17,432,5.2,12.5,0.414,1.4,5,0.283,3.8,7.6,0.5,0.4,0.9,0.5,2.8,5.8,8.6,5.2,3.6,0.8,2.2,5.8,12.2
395,Norvel Pelle\pelleno01,C,26,PHI,20,0,178,4.9,9.5,0.514,0,0,,4.9,9.5,0.514,1.6,3.3,0.5,4.4,12,16.4,1.9,0.3,6.8,3.5,10.6,11.5
396,Theo Pinson\pinsoth01,SG,24,BRK,33,0,365,5.8,20.1,0.29,1.9,10.4,0.188,3.9,9.7,0.4,1.9,2.1,0.938,1.3,5.7,7,7.3,2.2,0.5,4.3,4.5,15.6
397,Mason Plumlee\plumlma01,C,29,DEN,54,1,916,8.4,13.6,0.619,0,0.2,0,8.4,13.4,0.629,4,7.5,0.54,4.9,10.6,15.5,6.8,1.6,1.8,4,6.9,20.9
398,Jakob Poeltl\poeltja01,C,24,SAS,59,11,997,6.6,10.8,0.613,0,0,,6.6,10.8,0.613,1.8,3.7,0.487,5.2,10,15.2,5.1,1.5,4.1,2.2,4.8,15.1
399,Vincent Poirier\poirivi01,C,26,BOS,21,0,114,6.8,14,0.485,0.4,0.8,0.5,6.4,13.1,0.484,2.5,3,0.857,4.2,10.2,14.4,3,0.8,2.5,2.5,9.7,16.5
400,Shamorie Ponds\pondssh01,PG,21,TOR,4,0,11,13,21.7,0.6,4.3,8.7,0.5,8.7,13,0.667,8.7,8.7,1,0,4.3,4.3,8.7,0,4.3,0,8.7,39
401,Jordan Poole\poolejo01,SG,20,GSW,57,14,1274,6.3,18.9,0.333,2.8,10,0.279,3.5,8.9,0.392,3.6,4.5,0.798,0.3,4.1,4.4,5,1.3,0.4,2.8,3.5,18.9
402,Kevin Porter Jr.\porteke02,SF,19,CLE,50,3,1162,7.8,17.6,0.442,2.2,6.6,0.335,5.6,11,0.506,3.1,4.2,0.723,0.9,5.9,6.8,4.6,1.9,0.6,3.9,5.7,20.9
403,Michael Porter Jr.\portemi01,PF,21,DEN,49,2,695,10.3,21,0.49,3.2,7.8,0.409,7.1,13.2,0.538,2.4,3.1,0.773,3.8,10.4,14.2,2.7,1.4,1.4,2.7,5.7,26.2
404,Otto Porter\porteot01,SF,26,CHI,14,9,331,9,20.4,0.443,3.5,9,0.387,5.5,11.4,0.487,2.8,3.9,0.704,1.9,5.1,7,3.6,2.2,0.9,1.6,4.5,24.3
405,Bobby Portis\portibo01,C,24,NYK,66,5,1393,9.3,20.6,0.45,2.3,6.5,0.358,6.9,14.1,0.493,2.5,3.3,0.763,2.8,9,11.8,3.4,1.1,0.6,2.6,3.8,23.3
406,Kristaps Porziņģis\porzikr01,PF,24,DAL,52,52,1636,10.4,24.6,0.422,3.8,10.9,0.35,6.6,13.7,0.48,5.5,7.1,0.782,2.7,12.1,14.7,2.7,1.1,3.2,2.5,4.8,30.1
407,Dwight Powell\poweldw01,C,28,DAL,40,37,1061,6.7,10.4,0.638,0.5,1.8,0.256,6.2,8.7,0.716,3.4,5.1,0.667,3.4,6.9,10.3,2.7,1.5,1,1.6,4.6,17.1
408,Norman Powell\powelno01,SG,26,TOR,45,23,1293,9.7,19.5,0.496,3.5,8.9,0.392,6.2,10.6,0.583,4.1,4.9,0.841,0.8,5.1,5.9,2.9,2.1,0.6,2.4,3.5,26.9
409,Chasson Randle\randlch01,PG,26,GSW,3,0,40,0,4.8,0,0,2.4,0,0,2.4,0,6,7.2,0.833,0,2.4,2.4,6,2.4,0,0,3.6,6
410,Julius Randle\randlju01,PF,25,NYK,64,64,2080,10.8,23.5,0.46,1.5,5.4,0.277,9.3,18.1,0.515,6,8.2,0.733,3.5,11,14.6,4.6,1.2,0.5,4.5,4.2,29.2
411,Josh Reaves\reavejo02,SG,22,DAL,2,0,1,0,48.3,0,0,0,,0,48.3,0,0,0,,0,0,0,0,0,0,0,0,0
412,Cam Reddish\reddica01,SF,20,ATL,58,34,1551,6.4,16.6,0.384,2.5,7.5,0.332,3.9,9.1,0.428,3,3.8,0.802,1.1,5.4,6.5,2.6,1.9,0.8,2.9,4,18.3
413,J.J. Redick\redicjj01,SG,35,NOP,56,35,1468,8.2,18.2,0.449,5.1,11.2,0.451,3.1,7,0.446,4.9,5.4,0.907,0.3,4.2,4.5,3.5,0.6,0.3,2.2,2.8,26.4
414,Naz Reid\reidna01,C,20,MIN,30,11,495,9.4,22.8,0.412,3,9.1,0.33,6.4,13.7,0.466,3.5,5,0.698,3.2,8.4,11.6,3.3,1.8,2.1,2.1,7.8,25.2
415,Josh Richardson\richajo01,SG,26,PHI,49,47,1504,8,18.7,0.429,2.3,6.9,0.326,5.7,11.7,0.49,3.3,4.1,0.789,1.2,4,5.2,4.8,1.5,1.1,3,4,21.5
416,Austin Rivers\riverau01,SG,27,HOU,61,4,1422,6.1,14.4,0.423,2.7,7.7,0.356,3.3,6.7,0.5,2,3,0.67,0.8,3.9,4.7,3.2,1.4,0.3,1.1,3.7,16.9
417,Andre Roberson\roberan03,G-F,28,OKC,1,0,5,0,0,,0,0,,0,0,,0,0,,0,9.7,9.7,0,0,9.7,0,0,0
418,Duncan Robinson\robindu01,SF,25,MIA,66,61,1983,7.2,15.3,0.468,6.1,13.6,0.447,1.1,1.8,0.625,1.3,1.4,0.912,0.2,5.1,5.3,2.3,0.9,0.4,1.5,4.4,21.7
419,Glenn Robinson III\robingl02,SF,26,TOT,60,52,1743,7.7,15.9,0.486,2,5.3,0.387,5.7,10.6,0.535,2,2.3,0.867,2.1,5,7.2,2.6,1.5,0.4,1.5,2.7,19.5
419,Glenn Robinson III\robingl02,SF,26,GSW,48,48,1516,7.7,16,0.481,2.1,5.4,0.4,5.6,10.6,0.522,2,2.3,0.851,2.1,5.1,7.1,2.7,1.4,0.4,1.6,2.6,19.5
419,Glenn Robinson III\robingl02,SF,26,PHI,12,4,227,7.9,15.2,0.521,1.3,4.5,0.286,6.6,10.7,0.62,1.9,1.9,1,2.6,4.7,7.3,2.4,1.7,0.4,0.6,3.2,19
420,Jerome Robinson\robinje01,SG,22,TOT,56,4,780,4.9,13.5,0.364,2.1,6.6,0.318,2.8,6.9,0.409,1.3,1.9,0.688,0.5,5.9,6.4,4,1.4,0.8,2.2,5.2,13.3
420,Jerome Robinson\robinje01,SG,22,LAC,42,1,476,4.6,13.5,0.338,1.9,6.6,0.284,2.7,6.8,0.391,1.1,1.9,0.579,0.5,5.4,5.9,4.6,1.3,0.8,2.6,5.4,12.1
420,Jerome Robinson\robinje01,SG,22,WAS,14,3,304,5.5,13.7,0.404,2.5,6.6,0.372,3.1,7.1,0.435,1.7,2,0.846,0.6,6.6,7.2,3.1,1.5,0.9,1.5,4.8,15.2
421,Justin Robinson\robinju01,PG,22,WAS,9,0,49,4.8,11.4,0.417,2.9,4.8,0.6,1.9,6.7,0.286,0,0,,1,3.8,4.8,6.7,0,1,2.9,1.9,12.4
422,Mitchell Robinson\robinmi01,C,21,NYK,61,7,1412,8.7,11.8,0.742,0,0,,8.7,11.8,0.742,2.9,5.1,0.568,6.4,8.3,14.8,1.2,1.8,4.1,1.3,6.7,20.3
423,Isaiah Roby\robyis01,SF,21,OKC,3,0,11,0,4.4,0,0,0,,0,4.4,0,0,0,,0,8.9,8.9,0,0,0,4.4,4.4,0
424,Rajon Rondo\rondora01,PG,33,LAL,48,3,984,6.6,15.9,0.418,2,6,0.328,4.6,9.8,0.473,1.3,2,0.659,1.1,5.8,6.9,11.6,1.9,0.1,4.4,2.8,16.5
425,Derrick Rose\rosede01,PG,31,DET,50,15,1298,14,28.5,0.49,1.7,5.6,0.306,12.3,23,0.535,4.6,5.3,0.871,1,3.6,4.6,10.5,1.5,0.6,4.8,1.9,34.3
426,Terrence Ross\rosste01,SG,28,ORL,64,0,1746,8.9,21.9,0.406,4.6,12.8,0.354,4.4,9.1,0.48,3.8,4.5,0.846,0.4,5.4,5.8,2.1,2,0.6,1.7,2.7,26.2
427,Terry Rozier\roziete01,PG,25,CHO,63,63,2164,9.2,21.8,0.423,4,9.8,0.407,5.2,12,0.436,3.8,4.4,0.874,1.2,5.2,6.4,6,1.4,0.2,3.3,2.9,26.3
428,Ricky Rubio\rubiori01,PG,29,PHO,58,58,1831,6.6,16,0.413,1.7,4.9,0.351,4.9,11,0.44,4.7,5.5,0.858,1.1,5.8,6.9,13.3,2.4,0.2,4.1,3.8,19.6
429,D'Angelo Russell\russeda01,PG,23,TOT,45,45,1452,11.8,27.7,0.426,5.2,14.1,0.367,6.6,13.6,0.487,5.3,6.5,0.809,0.6,5.2,5.8,9.3,1.6,0.4,4.8,2.8,34
429,D'Angelo Russell\russeda01,PG,23,GSW,33,33,1060,12.3,28.7,0.43,5.4,14.5,0.374,6.9,14.2,0.487,5.1,6.5,0.785,0.6,4.9,5.5,9.3,1.4,0.4,4.6,2.9,35.2
429,D'Angelo Russell\russeda01,PG,23,MIN,12,12,392,10.3,25,0.412,4.5,13,0.345,5.8,12,0.485,5.7,6.5,0.873,0.4,6.2,6.5,9.4,2,0.5,5.4,2.6,30.8
430,Domantas Sabonis\sabondo01,C,23,IND,62,62,2159,10.3,19.1,0.54,0.4,1.5,0.254,9.9,17.6,0.565,4.8,6.7,0.723,4.3,13.1,17.4,7,1.1,0.7,3.8,4.4,25.9
431,Luka Šamanić\samanlu01,PF,20,SAS,1,0,12,0,16,0,0,8,0,0,8,0,0,0,,0,8,8,12,0,0,0,0,0
432,JaKarr Sampson\sampsja02,SF,26,IND,27,10,360,6.8,11.8,0.575,0.3,1.8,0.154,6.5,10,0.649,1.5,2.7,0.55,2.3,6.5,8.8,1.5,1.4,1.2,1.2,6.4,15.3
433,Dario Šarić\saricda01,PF,25,PHO,59,50,1469,7.1,15.3,0.464,2.4,7,0.346,4.7,8.3,0.564,2.7,3.3,0.842,2.9,8.4,11.3,3.6,1.1,0.5,2.4,4.4,19.4
434,Tomáš Satoranský\satorto01,PG,28,CHI,65,64,1878,6.1,14.1,0.43,1.6,5.1,0.322,4.4,9,0.491,2.7,3.1,0.876,1.9,4.6,6.5,9.1,2.1,0.2,3.3,3.5,16.5
435,Admiral Schofield\schofad01,SF,22,WAS,28,2,298,4.7,12.1,0.39,2.2,7.5,0.292,2.5,4.5,0.552,1.4,2,0.692,0.9,4.7,5.6,2.2,1.3,0.5,1.1,6.7,13
436,Dennis Schröder\schrode01,PG,26,OKC,64,1,1973,11,23.5,0.469,3,7.9,0.379,8,15.6,0.515,4.8,5.8,0.838,0.5,5.3,5.8,6.4,1.1,0.3,4,3.5,29.9
437,Mike Scott\scottmi01,PF,31,PHI,63,10,1119,5.6,13.8,0.408,3.2,8.9,0.358,2.5,5,0.496,1.1,1.3,0.833,2.5,7.2,9.8,2.1,0.8,0.2,1,3.7,15.5
438,Thabo Sefolosha\sefolth01,PF,35,HOU,41,0,436,3.9,9.7,0.407,1.6,5.7,0.278,2.3,3.9,0.595,0.3,0.9,0.375,2.2,7.7,9.9,2.7,2.6,1.3,1.6,4.6,9.8
439,Collin Sexton\sextoco01,SG,21,CLE,65,65,2143,11.6,24.7,0.472,2.2,5.8,0.38,9.4,18.9,0.501,5.1,6.1,0.846,1.4,3.2,4.6,4.4,1.5,0.2,3.6,3.2,30.6
440,Landry Shamet\shamela01,SG,22,LAC,49,27,1341,5.2,12.8,0.409,3.8,9.8,0.385,1.5,3,0.488,2.1,2.4,0.882,0.2,3.1,3.3,3.1,0.7,0.3,1.4,4.7,16.3
441,Marial Shayok\shayoma01,SG,24,PHI,2,0,10,4.9,24.3,0.2,4.9,14.6,0.333,0,9.7,0,0,0,,0,14.6,14.6,4.9,0,0,4.9,0,14.6
442,Iman Shumpert\shumpim01,SG,29,BRK,13,0,241,4.1,12.6,0.328,1.6,6.5,0.242,2.6,6.1,0.419,0.8,1.4,0.571,1.8,4.9,6.7,2.4,2.4,0.4,2,4.1,10.6
443,Pascal Siakam\siakapa01,PF,25,TOR,54,54,1919,11.5,25.3,0.456,2.9,8.1,0.361,8.6,17.2,0.501,5.5,6.9,0.802,1.5,8.7,10.1,4.8,1.4,1.3,3.3,3.8,31.5
444,Chris Silva\silvach01,PF,23,MIA,41,0,307,6.9,11,0.623,0,0.3,0,6.9,10.7,0.642,5.4,7.8,0.694,8.6,8.8,17.4,3.3,1.4,2.9,4.9,12.7,19.1
445,Ben Simmons\simmobe01,PG,23,PHI,55,55,1969,9.1,15.6,0.585,0,0.1,0.333,9.1,15.4,0.587,4.5,7.2,0.624,2.8,8,10.8,11,2.9,0.8,4.8,4.4,22.7
446,Anfernee Simons\simonan01,SG,20,POR,65,4,1400,7.2,17.9,0.402,2.5,7.5,0.338,4.7,10.4,0.448,2.6,3.1,0.826,0.9,4.2,5,3.2,0.9,0.3,2.1,4.5,19.5
447,Alen Smailagić\smailal01,PF,19,GSW,14,0,139,6.9,13.8,0.5,1,4.5,0.231,5.9,9.3,0.63,5.5,6.5,0.842,3.4,5.9,9.3,4.5,1,1.4,3.8,4.8,20.3
448,Marcus Smart\smartma01,SG,25,BOS,54,39,1753,6.8,17.7,0.384,3.6,10.3,0.35,3.2,7.4,0.431,3.1,3.7,0.83,1.1,4.6,5.7,7.1,2.4,0.7,2.6,3.9,20.3
449,Dennis Smith Jr.\smithde03,PG,22,NYK,34,3,537,6.5,19.1,0.341,1.5,4.9,0.296,5.1,14.2,0.357,2.4,4.8,0.509,1.9,5.2,7.1,8.9,2.5,0.7,5.3,5.9,17
450,Ish Smith\smithis01,PG,31,WAS,61,19,1596,7.9,17.5,0.451,1.6,4.4,0.368,6.3,13.1,0.479,1.4,2,0.686,0.8,4.8,5.6,8.5,1.5,0.7,2.3,2.5,18.8
451,J.R. Smith\smithjr01,SG,34,LAL,2,0,16,0,5.9,0,0,3,0,0,3,0,0,0,,0,3,3,0,3,0,3,8.9,0
452,Zhaire Smith\smithzh01,SG,20,PHI,7,0,32,4.6,16.7,0.273,0,4.6,0,4.6,12.1,0.375,3,6.1,0.5,0,3,3,3,4.6,0,3,6.1,12.1
453,Tony Snell\snellto01,SF,28,DET,59,57,1641,5.1,11.5,0.445,3.1,7.6,0.402,2,3.8,0.531,1,1,1,0.3,3.1,3.3,3.8,1,0.4,0.9,3,14.2
454,Omari Spellman\spellom01,PF,22,GSW,49,3,886,6.9,15.9,0.431,2.3,5.9,0.391,4.5,10,0.454,3.9,5,0.793,4.2,7.7,11.8,2.5,1.8,1.3,2.9,3.4,20
455,Max Strus\strusma01,SG,23,CHI,2,0,6,16.1,24.1,0.667,0,8,0,16.1,16.1,1,8,8,1,8,0,8,0,0,0,0,8,40.1
456,Edmond Sumner\sumneed01,PG,24,IND,26,2,358,6.4,15.4,0.416,1.4,5.4,0.25,5,9.9,0.507,1.5,2.3,0.647,1.4,3.7,5,5.3,2,1.1,2.6,4.9,15.6
457,Caleb Swanigan\swanica01,PF,22,TOT,27,1,288,4.6,7.8,0.596,0,0.3,0,4.6,7.5,0.622,1.5,2.8,0.529,4.5,12.1,16.6,5.1,0.5,1.2,6.1,10.3,10.8
457,Caleb Swanigan\swanica01,PF,22,SAC,7,0,23,4.2,8.5,0.5,0,0,,4.2,8.5,0.5,2.1,4.2,0.5,4.2,10.6,14.8,4.2,2.1,4.2,12.7,16.9,10.6
457,Caleb Swanigan\swanica01,PF,22,POR,20,1,265,4.7,7.7,0.605,0,0.4,0,4.7,7.4,0.634,1.4,2.7,0.533,4.5,12.2,16.7,5.2,0.4,0.9,5.6,9.7,10.8
458,Jayson Tatum\tatumja01,PF,21,BOS,60,60,2076,11.7,26.3,0.443,3.9,9.9,0.394,7.8,16.5,0.472,5.3,6.5,0.804,1.4,8.5,9.9,4.1,2,1.3,3.1,2.9,32.5
459,Jeff Teague\teaguje01,PG,31,TOT,59,17,1464,6.8,15.5,0.436,1.4,3.7,0.368,5.4,11.8,0.457,5.5,6.3,0.873,0.9,3.7,4.5,9.8,1.4,0.6,3.7,3.4,20.4
459,Jeff Teague\teaguje01,PG,31,MIN,34,13,945,7.1,15.9,0.448,1.6,4.3,0.379,5.5,11.6,0.473,6.1,7.1,0.868,0.7,3.6,4.3,10.2,1.2,0.6,3.7,3.4,22
459,Jeff Teague\teaguje01,PG,31,ATL,25,4,519,6.1,14.8,0.412,0.9,2.7,0.333,5.2,12.1,0.43,4.2,4.8,0.887,1.1,3.8,4.8,9,1.7,0.5,3.6,3.2,17.3
460,Garrett Temple\templga01,SG,33,BRK,56,31,1571,6,16,0.376,3.4,10.5,0.325,2.6,5.5,0.475,1.7,2.2,0.767,0.8,5,5.8,4.3,1.3,0.8,1.8,2.9,17.1
461,Daniel Theis\theisda01,C,27,BOS,59,58,1414,7.6,13.5,0.559,1,3,0.322,6.6,10.5,0.627,2.8,3.7,0.759,4.6,8.8,13.4,3.3,1.2,2.6,1.7,7,18.9
462,Isaiah Thomas\thomais02,PG,30,WAS,40,37,925,8.8,21.5,0.408,3.9,9.5,0.413,4.8,12,0.405,3.1,3.8,0.816,0.6,2.9,3.4,7.4,0.7,0.3,3.9,3.9,24.6
463,Khyri Thomas\thomakh01,SG,23,DET,8,0,61,4,13.7,0.294,4,11.3,0.357,0,2.4,0,1.6,3.2,0.5,0.8,0,0.8,2.4,2.4,0,2.4,7.3,13.7
464,Lance Thomas\thomala01,F,31,BRK,1,1,18,5.3,10.5,0.5,2.6,5.3,0.5,2.6,5.3,0.5,2.6,2.6,1,0,5.3,5.3,2.6,0,0,2.6,7.9,15.8
465,Matt Thomas\thomama02,SG,25,TOR,34,0,326,7.9,16.5,0.478,5.1,11.1,0.461,2.8,5.4,0.514,1,1.5,0.7,1,6.3,7.3,2.5,1.2,0,1.8,4.7,21.9
466,Tristan Thompson\thomptr01,C,28,CLE,57,51,1721,8.1,15.9,0.512,0.3,0.7,0.391,7.9,15.2,0.518,2.8,4.6,0.615,6.4,9.9,16.3,3.4,0.9,1.4,2.9,3.5,19.3
467,Matisse Thybulle\thybuma01,SG,22,PHI,58,13,1121,4.2,10.2,0.411,2.2,6.2,0.357,2,4,0.495,1.1,1.8,0.61,1.6,2.2,3.8,3,3.5,1.7,1.9,5.4,11.7
468,Anthony Tolliver\tollian01,PF,34,TOT,48,9,747,3.5,10.1,0.348,2.5,7.9,0.323,1,2.2,0.441,1.2,1.7,0.704,1.9,6.6,8.5,2.2,1,0.7,1.9,4.1,10.8
468,Anthony Tolliver\tollian01,PF,34,POR,33,9,554,3.7,10.1,0.368,2.6,7.7,0.337,1.1,2.4,0.464,1.1,1.6,0.684,2.3,7.1,9.5,2.5,0.7,0.8,1.8,4.6,11.1
468,Anthony Tolliver\tollian01,PF,34,SAC,9,0,82,1.8,10.1,0.176,1.2,8.9,0.133,0.6,1.2,0.5,0.6,1.2,0.5,1.2,5.3,6.5,1.8,2.4,0.6,2.4,3.6,5.3
468,Anthony Tolliver\tollian01,PF,34,MEM,6,0,111,3.8,10.1,0.375,3.4,8.4,0.4,0.4,1.7,0.25,2.1,2.5,0.833,0.4,5,5.5,1.3,1.3,0.4,2.1,2.1,13
469,Juan Toscano-Anderson\toscaju01,SF,26,GSW,13,6,272,5.1,11.1,0.46,1.4,4,0.348,3.7,7,0.525,0.5,0.9,0.6,1.6,7.6,9.1,4.6,2.3,0.9,2.8,5.3,12.1
470,Karl-Anthony Towns\townska01,C,24,MIN,35,35,1187,12.4,24.3,0.508,4.5,10.8,0.412,7.9,13.5,0.586,7,8.8,0.796,3.7,11.1,14.8,6,1.3,1.6,4.3,4.6,36.2
471,Gary Trent Jr.\trentga02,SG,21,POR,54,8,1086,6.8,15.7,0.43,3.6,9,0.398,3.2,6.7,0.474,1.4,1.8,0.805,0.9,3,3.9,2.3,1.7,0.6,0.8,3.2,18.6
472,Allonzo Trier\trieral01,PG,24,NYK,24,1,291,8.5,17.7,0.481,3.2,8.9,0.358,5.4,8.9,0.604,5.7,7.2,0.791,1,3.8,4.9,4.7,0.5,0.7,3.7,4.9,25.9
473,P.J. Tucker\tuckepj01,PF,34,HOU,65,65,2242,3.4,7.8,0.435,2,5.4,0.373,1.4,2.4,0.573,0.8,1,0.826,2.1,7.1,9.2,2.2,1.5,0.7,1.4,4.4,9.6
474,Rayjon Tucker\tuckera01,SG,22,UTA,15,0,84,5.2,11.6,0.45,0,3.5,0,5.2,8.1,0.643,1.7,2.9,0.6,1.2,6.4,7.5,1.2,0.6,0,2.3,4.1,12.2
475,Evan Turner\turneev01,PG,31,ATL,19,0,251,4.6,12.4,0.373,0,0.9,0,4.6,11.5,0.403,2.2,2.6,0.857,1.5,5.6,7.1,7.1,1.7,1.5,4.8,3.7,11.5
476,Myles Turner\turnemy01,C,23,IND,56,56,1648,7,15.4,0.454,2.3,6.8,0.339,4.7,8.6,0.545,3.2,4.3,0.75,2.1,8.6,10.7,1.8,1.2,3.6,2,4.3,19.5
477,Jarrod Uthoff\uthofja01,SF,26,MEM,4,0,14,3.3,23.4,0.143,0,13.3,0,3.3,10,0.333,6.7,6.7,1,3.3,0,3.3,0,3.3,0,0,3.3,13.3
478,Jonas Valančiūnas\valanjo01,C,27,MEM,63,63,1645,11,18.8,0.589,0.9,2.3,0.375,10.2,16.5,0.618,3.7,5,0.739,5.4,14.5,19.9,3.1,0.7,2,3.1,4.7,26.6
479,Denzel Valentine\valende01,SF,26,CHI,36,5,488,9.6,23.4,0.409,4.5,13.5,0.336,5,9.9,0.51,0.6,0.8,0.75,0.9,6.4,7.3,4.2,2.6,0.6,2.6,5,24.3
480,Jarred Vanderbilt\vandeja01,SF-PF,20,TOT,11,0,46,5.3,8.5,0.625,0,1.1,0,5.3,7.5,0.714,2.1,2.1,1,3.2,6.4,9.6,2.1,3.2,1.1,7.5,6.4,12.8
480,Jarred Vanderbilt\vandeja01,SF,20,DEN,9,0,41,6,8.4,0.714,0,0,,6,8.4,0.714,0,0,,3.6,6,9.6,2.4,3.6,1.2,8.4,7.2,12
480,Jarred Vanderbilt\vandeja01,PF,20,MIN,2,0,5,0,9.3,0,0,9.3,0,0,0,,18.6,18.6,1,0,9.3,9.3,0,0,0,0,0,18.6
481,Fred VanVleet\vanvlfr01,PG,25,TOR,49,49,1759,7.9,19.3,0.41,3.6,9.4,0.388,4.3,10,0.431,3.8,4.5,0.843,0.5,4.5,5,8.9,2.5,0.4,3.1,3.3,23.3
482,Gabe Vincent\vincega01,PG,23,MIA,6,0,42,4.7,22.1,0.211,4.7,18.6,0.25,0,3.5,0,0,0,,0,3.5,3.5,3.5,1.2,0,0,2.3,14
483,Noah Vonleh\vonleno01,C-PF,24,TOT,34,1,367,6.5,11.4,0.567,0.4,1.9,0.2,6.1,9.5,0.64,3,3.8,0.8,4.7,11,15.7,3.4,1.4,0.8,2.7,4.8,16.4
483,Noah Vonleh\vonleno01,C,24,MIN,29,1,347,6.3,11.5,0.547,0.3,1.9,0.143,6,9.6,0.625,3.1,3.7,0.821,4.5,11,15.5,3.5,1.5,0.8,2.5,4.8,15.9
483,Noah Vonleh\vonleno01,PF,24,DEN,5,0,20,9.9,9.9,1,2.5,2.5,1,7.4,7.4,1,2.5,4.9,0.5,7.4,12.3,19.7,2.5,0,0,4.9,4.9,24.7
484,Nikola Vučević\vucevni01,C,29,ORL,55,55,1790,11.9,25.1,0.473,2.3,6.9,0.328,9.6,18.2,0.528,3.2,4.1,0.788,3.5,12.9,16.4,5.6,1.3,1.3,2.2,3.4,29.3
485,Dean Wade\wadede01,PF,23,CLE,12,0,71,6.2,8.9,0.692,1.4,2.7,0.5,4.8,6.2,0.778,0,0.7,0,2.1,11,13,1.4,1.4,2.7,2.1,5.5,13.7
486,Moritz Wagner\wagnemo01,C,22,WAS,38,5,721,8.5,14.9,0.571,1.5,4.3,0.343,7.1,10.6,0.665,4.3,5.3,0.817,3.4,9.3,12.6,3.2,1.4,1.1,3.7,8.9,22.9
487,Dion Waiters\waitedi01,SG,28,TOT,5,0,85,10.8,26.7,0.404,6.2,16.5,0.379,4.5,10.2,0.444,1.1,1.7,0.667,0.6,9.1,9.6,4,0,2.3,2.3,6.2,28.9
487,Dion Waiters\waitedi01,SG,28,MIA,3,0,42,11.6,30.3,0.385,9.3,19.8,0.471,2.3,10.5,0.222,0,1.2,0,0,12.8,12.8,3.5,0,2.3,3.5,5.8,32.6
487,Dion Waiters\waitedi01,SG,28,LAL,2,0,43,10,23.2,0.429,3.3,13.3,0.25,6.6,10,0.667,2.2,2.2,1,1.1,5.5,6.6,4.4,0,2.2,1.1,6.6,25.4
488,Kemba Walker\walkeke02,PG,29,BOS,51,51,1611,10.6,25.2,0.422,5,13.3,0.378,5.6,11.9,0.471,5.9,6.9,0.865,1,5.2,6.1,7.5,1.4,0.8,3.2,2.3,32.3
489,Lonnie Walker\walkelo01,SG,21,SAS,54,5,799,7.4,16.7,0.441,1.8,4.4,0.411,5.6,12.4,0.451,2.3,3.2,0.722,1.2,5.9,7.1,3,1.7,0.8,2,4.2,18.9
490,Tyrone Wallace\wallaty01,SG,25,ATL,14,0,160,4.1,12.8,0.318,0.3,4.4,0.067,3.8,8.4,0.448,3.2,5,0.647,0.9,5.5,6.4,3.8,2,0.3,2.9,5.5,11.6
491,Taurean Prince\princta02,SF,25,BRK,64,61,1857,7.1,18.9,0.376,3.7,11,0.339,3.4,7.9,0.429,1.8,2.3,0.798,1.3,8.5,9.7,3,1.5,0.6,3.2,4.1,19.7
492,Derrick Walton\waltode01,PG,24,TOT,26,1,248,3.4,7.4,0.462,1.9,4.6,0.417,1.5,2.9,0.533,1.3,1.7,0.778,0.4,2.7,3.1,5.2,1.3,0,1,4,10.1
492,Derrick Walton\waltode01,PG,24,LAC,23,1,222,3.6,7.6,0.472,1.9,4.5,0.429,1.7,3.2,0.533,1.5,1.9,0.778,0.4,2.8,3.2,4.7,0.8,0,0.8,4,10.6
492,Derrick Walton\waltode01,PG,24,DET,3,0,26,1.9,5.7,0.333,1.9,5.7,0.333,0,0,,0,0,,0,1.9,1.9,9.5,5.7,0,1.9,3.8,5.7
493,Brad Wanamaker\wanambr01,PG,30,BOS,64,1,1241,5.5,12.7,0.431,1.3,3.6,0.359,4.2,9.1,0.46,4.4,4.7,0.933,0.8,4.3,5.1,6.2,2.1,0.5,2.8,4.8,16.6
494,T.J. Warren\warretj01,SF,26,IND,62,62,2024,11.5,21.6,0.535,1.9,4.7,0.398,9.7,16.9,0.573,3.7,4.6,0.816,1.5,4.5,5.9,2.2,1.7,0.7,1.9,4.2,28.7
495,P.J. Washington\washipj01,PF,21,CHO,58,57,1759,7.6,16.8,0.455,2.4,6.6,0.374,5.2,10.2,0.507,2.5,3.9,0.647,1.7,7.3,9,3.5,1.5,1.3,2.6,4.5,20.2
496,Yuta Watanabe\watanyu01,SG,25,MEM,16,0,99,5.7,13.7,0.414,1.4,3.8,0.375,4.2,9.9,0.429,1.4,3.8,0.375,2.8,5.2,8,1.9,2.4,0.5,0.9,4.2,14.2
497,Tremont Waters\watertr01,PG,22,BOS,10,0,89,6.5,19,0.343,1.6,9.2,0.176,4.9,9.8,0.5,3.3,3.3,1,0,4.9,4.9,6.5,2.7,1.1,5.4,6,17.9
498,Paul Watson\watsopa01,SF-SG,25,TOT,6,0,27,0,13.9,0,0,7,0,0,7,0,1.7,3.5,0.5,0,7,7,8.7,1.7,1.7,0,1.7,1.7
498,Paul Watson\watsopa01,SG,25,ATL,2,0,17,0,19.2,0,0,8.2,0,0,11,0,0,0,,0,5.5,5.5,8.2,2.7,0,0,2.7,0
498,Paul Watson\watsopa01,SF,25,TOR,4,0,10,0,4.8,0,0,4.8,0,0,0,,4.8,9.5,0.5,0,9.5,9.5,9.5,0,4.8,0,0,4.8
499,Quinndary Weatherspoon\weathqu01,SG,23,SAS,4,0,25,3.8,15.3,0.25,0,3.8,0,3.8,11.5,0.333,0,0,,0,3.8,3.8,5.8,1.9,0,1.9,1.9,7.7
500,Russell Westbrook\westbru01,PG,31,HOU,54,54,1948,13.8,29.3,0.473,1.2,4.9,0.255,12.6,24.4,0.516,6.5,8.4,0.771,2.4,8.1,10.4,9,2.1,0.4,5.8,4.6,35.4
501,Coby White\whiteco01,SG,19,CHI,65,1,1674,9,22.8,0.394,3.8,10.8,0.354,5.2,12,0.43,2.9,3.7,0.791,0.8,5.8,6.6,5,1.4,0.2,3.1,3.4,24.7
502,Derrick White\whitede01,SG,25,SAS,62,14,1502,7.1,15.3,0.461,1.9,5.4,0.361,5.1,9.9,0.516,5,5.8,0.862,1,5.4,6.4,6.7,1.3,1.8,2.6,4.3,21
503,Hassan Whiteside\whiteha01,C,30,POR,62,61,1928,10.4,16.8,0.618,0.1,0.2,0.571,10.3,16.7,0.619,3.8,5.6,0.681,6.1,15.5,21.6,1.8,0.6,4.7,2.9,4.5,24.7
504,Andrew Wiggins\wiggian01,SF-SG,24,TOT,54,54,1858,11,24.6,0.447,2.8,8.4,0.332,8.2,16.2,0.506,4.8,6.7,0.709,1.7,5.2,6.9,5,1.1,1.3,3.3,3.2,29.6
504,Andrew Wiggins\wiggian01,SF,24,MIN,42,42,1455,11.2,25.2,0.444,2.9,8.8,0.331,8.3,16.4,0.505,4.8,6.6,0.72,1.5,5.5,7,4.9,0.9,1.1,3.4,3.2,30.1
504,Andrew Wiggins\wiggian01,SG,24,GSW,12,12,403,10.2,22.3,0.457,2.4,7,0.339,7.8,15.3,0.512,4.9,7.2,0.672,2.1,4.4,6.5,5.1,1.9,2,3,3.1,27.7
505,Grant Williams\willigr01,PF,21,BOS,63,5,974,4,9.5,0.417,1,4.2,0.247,2.9,5.3,0.551,1.8,2.5,0.725,2.9,5.3,8.2,3.1,1.4,1.6,2.3,7.4,10.8
506,Johnathan Williams\willijo04,C,24,WAS,12,5,147,5.1,7.9,0.64,0,0.6,0,5.1,7.3,0.696,1.3,2.2,0.571,5.1,9.2,14.3,1.9,0.3,2.2,1.3,4.1,11.4
507,Kenrich Williams\willike04,PF,25,NOP,36,18,791,2.9,8.4,0.343,1.5,5.6,0.26,1.4,2.7,0.511,0.5,1.5,0.346,2.9,7.6,10.5,3.2,1.5,1.2,1.2,4.7,7.7
508,Lou Williams\willilo02,SG,33,LAC,60,8,1757,9.8,23.7,0.416,2.9,7.9,0.363,7,15.8,0.442,7.5,8.6,0.863,0.8,4.2,5,9.2,1.1,0.3,4.6,2.1,30
509,Marvin Williams\willima02,PF,33,TOT,52,1,1011,5.3,12.1,0.442,2.5,7,0.361,2.8,5.1,0.552,2.3,2.6,0.87,1,6.2,7.2,2.7,1.7,1.3,1.4,4.6,15.5
509,Marvin Williams\willima02,PF,33,CHO,41,1,808,5.8,13,0.448,2.7,7.3,0.376,3.1,5.8,0.538,2.7,3.1,0.86,0.9,5.8,6.8,2.5,1.6,1.4,1.6,4.4,17.1
509,Marvin Williams\willima02,PF,33,MIL,11,0,203,3.6,8.8,0.41,1.8,6.1,0.296,1.8,2.7,0.667,0.9,0.9,1,1.1,7.7,8.8,3.4,2,0.9,0.7,5.2,9.9
510,Robert Williams\williro04,C,22,BOS,23,1,323,6.3,9.3,0.677,0,0,,6.3,9.3,0.677,2.1,3.7,0.56,5.1,11.1,16.2,3.3,3,4.2,3,6,14.7
511,Nigel Williams-Goss\willini01,PG,25,UTA,9,0,28,1.7,12.2,0.143,0,3.5,0,1.7,8.7,0.2,3.5,3.5,1,3.5,5.2,8.7,8.7,1.7,1.7,3.5,3.5,7
512,Zion Williamson\willizi01,PF,19,NOP,21,21,594,14.1,23.9,0.59,0.5,1,0.462,13.6,22.9,0.595,7.8,12.1,0.645,4.4,6.1,10.4,3.3,1.2,0.7,4.4,2.9,36.4
513,D.J. Wilson\wilsodj01,PF,23,MIL,32,0,280,6.5,16.5,0.396,2.3,9,0.255,4.2,7.5,0.565,1,1.5,0.667,1.6,9.5,11.1,3.6,0.3,0.8,2.4,4.2,16.3
514,Justise Winslow\winslju01,SF,23,MIA,11,5,352,6.9,17.9,0.388,0.8,3.8,0.222,6.1,14.2,0.431,2.5,3.8,0.667,2.2,7.9,10.1,6.1,1,0.7,3.3,5.3,17.2
515,Christian Wood\woodch01,PF,24,DET,62,12,1325,10.7,18.9,0.567,2,5.2,0.386,8.7,13.7,0.636,6.7,9,0.744,3.9,10.6,14.5,2.2,1.3,2,3.1,3.6,30.1
516,Delon Wright\wrighde01,SG,27,DAL,66,5,1427,6.1,13,0.47,1.6,4,0.387,4.6,9,0.508,2.4,3,0.789,2.3,6.6,8.8,7.5,2.6,0.7,2.3,2.9,16.2
517,Justin Wright-Foreman\wrighju02,PG,22,UTA,1,0,2,0,0,,0,0,,0,0,,0,0,,0,0,0,0,0,0,0,0,0
518,Thaddeus Young\youngth01,PF,31,CHI,64,16,1591,8.1,18.2,0.448,2.4,6.7,0.356,5.8,11.5,0.501,1.3,2.2,0.583,2.8,6.7,9.5,3.5,2.8,0.7,3.1,4.1,20
519,Trae Young\youngtr01,PG,21,ATL,60,60,2120,12,27.5,0.437,4.5,12.5,0.361,7.5,15,0.501,10.6,12.3,0.86,0.7,4.9,5.6,12.3,1.4,0.2,6.4,2.3,39.1
520,Cody Zeller\zelleco01,C,27,CHO,58,39,1341,9.4,17.9,0.524,0.7,2.8,0.24,8.7,15.1,0.577,4.6,6.7,0.682,6,9.4,15.4,3.3,1.5,0.9,2.8,5.2,24
521,Ante Žižić\zizican01,C,23,CLE,22,0,221,9,15.9,0.569,0,0,,9,15.9,0.569,3.1,4.2,0.737,4,10.6,14.5,1.3,1.5,1.1,2.2,5.9,21.1
522,Ivica Zubac\zubaciv01,C,22,LAC,66,64,1196,8,13.4,0.598,0,0.1,0,8,13.4,0.602,4.4,5.9,0.745,6.7,11.9,18.6,2.9,0.6,2.4,2.2,6.1,20.5
